id,first_name,last_name,email,gender,Internet_Usage,Contract_Durations,monthly_bill,age,location
1,Brittan,Clewley,bclewley0@pen.io,Female,28,13,$6.05,49,Karano
2,Dacy,Antonsson,dantonsson1@answers.com,Female,46,63,$6.82,38,Huddinge
3,Alvinia,Feild,afeild2@domainmarket.com,Female,43,62,$4.71,87,Paris 15
4,Abra,Piechnik,apiechnik3@youtu.be,Female,63,88,$3.60,34,Aix-en-Provence
5,Olav,Scholling,oscholling4@hugedomains.com,Male,1,99,$2.19,58,Esperanza
6,Ephrayim,Connichie,econnichie5@jiathis.com,Male,44,1,$0.09,58,Johanneshov
7,Genia,Van Der Weedenburg,gvanderweedenburg6@aol.com,Female,13,53,$2.11,97,Planaltina
8,Hallie,Mennithorp,hmennithorp7@livejournal.com,Polygender,70,94,$5.59,13,Yong’an
9,Terrence,Gosnoll,tgosnoll8@time.com,Male,73,80,$7.34,81,Carpenter
10,Dermot,Twiname,dtwiname9@ihg.com,Male,22,9,$4.53,20,Varazqān
11,Mace,Robecon,mrobecona@nbcnews.com,Male,53,31,$2.21,92,Yam
12,Asa,Edmans,aedmansb@elegantthemes.com,Male,78,6,$0.45,33,Guadalupe Victoria
13,Devonne,Ashenhurst,dashenhurstc@unblog.fr,Female,68,24,$8.17,19,Sobreira
14,Ado,Fritchly,afritchlyd@domainmarket.com,Male,41,75,$9.42,63,Bojano
15,Marney,Bazoche,mbazochee@netvibes.com,Female,98,69,$4.96,19,Baie-D'Urfé
16,Gilbertina,Steger,gstegerf@chicagotribune.com,Female,34,96,$0.82,52,Nurmijärvi
17,Erma,Angeli,eangelig@forbes.com,Female,69,92,$7.33,7,Taling
18,Florrie,Emson,femsonh@google.pl,Female,86,94,$9.16,3,Ferraz de Vasconcelos
19,Iona,Willavoys,iwillavoysi@wikimedia.org,Female,48,11,$9.60,15,Taipingguan
20,Josiah,Smead,jsmeadj@rakuten.co.jp,Male,13,95,$6.77,72,Sigaboy
21,Hanson,McGeachie,hmcgeachiek@ftc.gov,Male,77,18,$9.15,3,Kunwi
22,Alvan,Aldred,aaldredl@ezinearticles.com,Male,2,84,$0.92,61,Yongjiang
23,Georgetta,Revelle,grevellem@wp.com,Female,65,52,$8.46,99,Kamenica
24,Jackie,Flear,jflearn@about.com,Female,8,77,$4.94,49,Baizhang
25,Jeannie,Hatchard,jhatchardo@washingtonpost.com,Female,99,62,$5.15,39,Fuding
26,Tanney,Sallter,tsallterp@i2i.jp,Male,99,44,$1.24,90,Serravalle
27,Conney,Dominik,cdominikq@tinypic.com,Male,63,75,$7.23,84,Patani
28,Darelle,Shimuk,dshimukr@mashable.com,Female,69,78,$2.49,13,Anju
29,Margaretta,Pebworth,mpebworths@google.it,Female,40,39,$6.85,78,Kassiri
30,Felice,Bezley,fbezleyt@artisteer.com,Male,68,26,$4.76,8,Sigetec
31,Anatollo,Palumbo,apalumbou@netscape.com,Male,88,54,$1.08,70,Ban Huai Thalaeng
32,Helen-elizabeth,Hurdwell,hhurdwellv@shutterfly.com,Female,30,22,$8.97,11,Zyukayka
33,Alaster,Ragles,araglesw@miitbeian.gov.cn,Male,28,88,$3.67,76,Madruga
34,Stewart,Keysall,skeysallx@cdc.gov,Male,8,50,$1.75,92,Numata
35,Callie,Phillipson,cphillipsony@typepad.com,Female,41,96,$8.41,76,Muara
36,Tatum,Cann,tcannz@feedburner.com,Female,3,29,$2.91,71,Wangcheng
37,Sibel,McTrustam,smctrustam10@zimbio.com,Female,66,1,$1.21,94,Mikhnëvo
38,Yorgos,Solomon,ysolomon11@scientificamerican.com,Male,79,90,$1.21,67,Boguchwała
39,Jessee,Turvie,jturvie12@newsvine.com,Male,66,83,$9.67,12,Buzen
40,Rosco,Andrez,randrez13@xinhuanet.com,Polygender,19,74,$7.36,38,Kosan
41,Marjorie,Shaxby,mshaxby14@diigo.com,Female,44,35,$6.37,91,Bozhou
42,Rog,Lillegard,rlillegard15@skype.com,Male,34,76,$8.67,63,Puerto Alto
43,Joseito,Shillom,jshillom16@booking.com,Male,2,95,$4.50,64,Phanna Nikhom
44,Rita,Storrar,rstorrar17@salon.com,Female,32,54,$5.83,3,Kodinsk
45,Hephzibah,Cianni,hcianni18@discuz.net,Female,24,65,$7.23,8,Sapang Buho
46,Dotty,Kopacek,dkopacek19@prlog.org,Female,10,83,$3.64,59,Yunping
47,Annemarie,Tukesby,atukesby1a@123-reg.co.uk,Female,38,68,$8.71,66,Chambéry
48,Theressa,Watts,twatts1b@thetimes.co.uk,Female,31,44,$9.50,95,Rennes
49,Westley,Peasby,wpeasby1c@admin.ch,Male,54,41,$3.37,28,Strelitsa
50,Liane,Ricciardelli,lricciardelli1d@mac.com,Female,3,86,$4.17,64,Luozhuang
51,Si,Norvell,snorvell1e@google.co.jp,Male,49,63,$2.00,8,Mintang
52,Wang,Clamp,wclamp1f@nih.gov,Male,15,3,$2.50,54,Talacogon
53,Neall,Jeffray,njeffray1g@hud.gov,Male,22,76,$2.78,4,Zlaté Hory
54,Bourke,Hartright,bhartright1h@smugmug.com,Male,84,99,$2.62,8,Kelmė
55,Brear,Neild,bneild1i@europa.eu,Female,66,52,$0.28,49,Kinalaglagan
56,Gar,Andriss,gandriss1j@mashable.com,Male,12,70,$9.93,99,San Felipe
57,Barty,Mockes,bmockes1k@icq.com,Male,2,73,$9.41,35,Cuiabá
58,Tiebold,Ettles,tettles1l@epa.gov,Male,35,20,$6.96,62,Ijūin
59,Loren,Hegel,lhegel1m@live.com,Male,85,10,$8.45,16,Bailang
60,Jessica,Fulbrook,jfulbrook1n@washingtonpost.com,Female,26,7,$8.74,93,Nanshi
61,Lucita,Baudinot,lbaudinot1o@whitehouse.gov,Agender,3,81,$2.89,12,Dayan
62,Florenza,Sille,fsille1p@t.co,Polygender,83,41,$1.12,84,Kurayyimah
63,Bing,Lambourne,blambourne1q@ca.gov,Male,56,51,$1.44,10,Buzet
64,Eustace,Austwick,eaustwick1r@blogspot.com,Male,46,13,$6.07,100,Villanueva
65,Freddy,Dumbrill,fdumbrill1s@flavors.me,Female,35,12,$9.07,35,Sandviken
66,Arnuad,Landells,alandells1t@gizmodo.com,Male,44,98,$7.98,51,Bryan
67,Gun,McParlin,gmcparlin1u@pinterest.com,Male,22,7,$2.34,98,Moñitos
68,Johnathon,Demsey,jdemsey1v@shop-pro.jp,Polygender,35,81,$1.58,73,Zouila
69,Newton,Thebe,nthebe1w@uol.com.br,Male,2,66,$4.23,19,Luofang
70,Rolf,Ironside,rironside1x@tumblr.com,Male,49,57,$1.16,59,Ojos de Agua
71,Joey,Guerri,jguerri1y@nba.com,Female,83,55,$1.39,61,Shangjin
72,Shellie,Follan,sfollan1z@blogtalkradio.com,Female,66,33,$4.39,94,Meishan
73,Felicia,Bowart,fbowart20@virginia.edu,Female,19,38,$6.70,65,Крушопек
74,Jock,Ablitt,jablitt21@seattletimes.com,Male,87,19,$9.25,33,Koungou
75,Kevyn,Townend,ktownend22@psu.edu,Female,42,77,$3.63,32,Kelmė
76,Trudi,Pancoust,tpancoust23@tumblr.com,Agender,76,6,$1.82,51,Norsborg
77,Nola,Marchment,nmarchment24@mlb.com,Female,30,9,$9.97,33,Xinjie
78,Ric,Guymer,rguymer25@issuu.com,Male,28,74,$3.76,35,Tužno
79,Victor,Craigie,vcraigie26@discovery.com,Male,40,14,$3.78,63,Dagur
80,Ara,Faloon,afaloon27@godaddy.com,Male,63,46,$1.05,68,Mukařov
81,Honey,Garraway,hgarraway28@china.com.cn,Female,16,49,$2.90,57,Grenoble
82,Livy,Thain,lthain29@alibaba.com,Female,66,13,$9.68,47,Mbanza-Ngungu
83,Nappie,Rabat,nrabat2a@feedburner.com,Male,67,27,$4.03,21,Santa Rita Village
84,Gibbie,Haslock(e),ghaslocke2b@newsvine.com,Male,26,89,$5.23,10,Lesuhe
85,Wallie,Curmi,wcurmi2c@usgs.gov,Male,55,7,$9.02,59,Perechyn
86,Levy,Hansel,lhansel2d@amazon.co.jp,Male,54,21,$8.18,97,Halmstad
87,Milli,Spat,mspat2e@google.com,Female,92,79,$9.15,81,Kaabong
88,Malena,Clyma,mclyma2f@ucla.edu,Female,17,10,$4.25,54,Panikihan
89,Puff,Davies,pdavies2g@free.fr,Male,49,23,$7.46,37,Vigo
90,Ulick,Brewett,ubrewett2h@nsw.gov.au,Male,53,80,$9.38,94,Salgado
91,Erie,Ashenhurst,eashenhurst2i@blogger.com,Male,49,83,$5.58,73,Kapasan
92,Wandie,Ordelt,wordelt2j@surveymonkey.com,Female,81,35,$1.53,32,Vannes
93,Berget,Kelsow,bkelsow2k@bizjournals.com,Female,37,22,$3.11,73,Gent
94,Garald,McSkeagan,gmcskeagan2l@vimeo.com,Male,32,33,$0.04,29,Dolní Bečva
95,Cordy,Beacom,cbeacom2m@tiny.cc,Female,1,58,$5.86,88,Yuqian
96,Bing,Sharrard,bsharrard2n@dyndns.org,Male,58,75,$3.57,69,Gandusari
97,Rinaldo,Cazalet,rcazalet2o@earthlink.net,Male,40,44,$4.92,70,Chuandao
98,Hadleigh,Churms,hchurms2p@upenn.edu,Male,85,49,$1.40,87,Chenguang
99,Flory,Zoren,fzoren2q@yellowbook.com,Male,98,97,$0.41,18,Zhongzhou
100,Kennith,Hannigane,khannigane2r@php.net,Male,26,29,$0.71,57,Guanban
101,Tani,Dreossi,tdreossi2s@indiegogo.com,Female,26,20,$5.14,33,General Pinedo
102,Dev,Medling,dmedling2t@accuweather.com,Male,40,10,$8.35,5,Growong Lor
103,Bernetta,Seller,bseller2u@deliciousdays.com,Female,15,37,$8.85,87,Maltahöhe
104,Moira,Machent,mmachent2v@wiley.com,Female,84,60,$8.92,15,Krajan
105,Paulo,Fligg,pfligg2w@discuz.net,Male,91,88,$2.82,16,Slobodka
106,Christie,MacAllister,cmacallister2x@linkedin.com,Female,89,19,$1.11,46,Kaom
107,Iain,Culvey,iculvey2y@tiny.cc,Male,57,93,$3.61,11,Glugu
108,Adey,Padson,apadson2z@arstechnica.com,Female,30,14,$4.24,5,Brakas
109,Neysa,Enterle,nenterle30@yellowbook.com,Female,76,2,$3.63,14,Hwado
110,Nealy,Scally,nscally31@ox.ac.uk,Male,25,45,$0.03,47,Toulon
111,Wanids,Calloway,wcalloway32@fc2.com,Female,34,27,$1.33,16,Tanda
112,Hollie,Bather,hbather33@pinterest.com,Female,77,72,$7.05,76,Minūf
113,Murvyn,Picardo,mpicardo34@bbb.org,Male,28,84,$5.23,81,Ivanovskoye
114,Yorgo,Penrith,ypenrith35@constantcontact.com,Male,6,50,$4.63,64,Ma‘bar
115,Yorker,Lambertson,ylambertson36@macromedia.com,Male,75,62,$4.26,29,Jingjiao
116,Wilhelmine,Sutehall,wsutehall37@ycombinator.com,Female,39,45,$7.08,43,Revelstoke
117,Maridel,Oxbrough,moxbrough38@sun.com,Female,31,81,$0.47,21,Helmas
118,Allyn,Beste,abeste39@blogtalkradio.com,Male,32,69,$8.48,89,Klenje
119,Nathan,McParlin,nmcparlin3a@instagram.com,Polygender,12,21,$9.28,85,Chachagüí
120,Bridie,Wetheril,bwetheril3b@friendfeed.com,Agender,36,88,$9.64,40,Huicungo
121,Merla,Gipps,mgipps3c@unblog.fr,Female,10,40,$5.82,15,Anta
122,Seward,Logie,slogie3d@mysql.com,Non-binary,61,38,$0.99,55,Greenhills
123,Toddie,Moors,tmoors3e@about.com,Male,100,9,$9.46,97,Ratenggoji
124,Rana,Dellenbach,rdellenbach3f@senate.gov,Female,7,78,$3.57,4,Nanxi
125,Jarrid,Butterly,jbutterly3g@desdev.cn,Male,87,34,$3.69,14,Taihua
126,Lionel,Grigolon,lgrigolon3h@comsenz.com,Male,86,95,$8.88,8,Tembayangan Barat
127,Francesca,Brymham,fbrymham3i@sohu.com,Female,70,23,$3.90,29,Mashiko
128,Evangeline,Sheehy,esheehy3j@discovery.com,Female,23,38,$3.01,24,Xiaojie
129,Diana,Cuppleditch,dcuppleditch3k@mtv.com,Female,52,66,$4.01,91,Ropice
130,Lindsey,Kornalik,lkornalik3l@bloglines.com,Male,9,33,$6.95,23,Wenceslao Escalante
131,Seumas,Ballach,sballach3m@pen.io,Male,69,54,$2.31,55,Mayenne
132,Bondie,Bushell,bbushell3n@sogou.com,Male,31,24,$2.75,66,Vila Viçosa
133,Pail,Hegge,phegge3o@go.com,Male,10,41,$4.47,60,Xianhe
134,Sam,Charles,scharles3p@imageshack.us,Male,41,39,$4.64,45,Gambarjati
135,Vinson,Paulazzi,vpaulazzi3q@mysql.com,Male,89,97,$0.60,91,Nong Hi
136,Ashlin,Litherborough,alitherborough3r@discovery.com,Male,30,78,$3.00,46,Vardenik
137,Dionis,Palin,dpalin3s@bravesites.com,Genderqueer,75,16,$5.62,52,Al Hilāliyya
138,Garrard,Tytler,gtytler3t@chron.com,Male,68,80,$0.24,45,Mulleriyawa
139,Vonny,Hakonsen,vhakonsen3u@ft.com,Female,30,55,$1.17,67,Songjianghe
140,Jacki,Tallow,jtallow3v@bandcamp.com,Female,73,91,$0.12,66,Puerto Castilla
141,Jerrie,Ranklin,jranklin3w@gizmodo.com,Female,51,63,$3.19,39,Pregrada
142,Erica,Cowtherd,ecowtherd3x@amazonaws.com,Female,79,10,$7.49,94,Qarqīn
143,Vasilis,Swalough,vswalough3y@flickr.com,Male,12,7,$8.24,89,Lijiang
144,Fey,Rylatt,frylatt3z@reverbnation.com,Female,100,41,$9.52,10,Karlstad
145,Torey,Joynson,tjoynson40@businesswire.com,Male,40,14,$1.58,44,Nanxinxiang
146,Chrystal,Feast,cfeast41@digg.com,Female,26,64,$2.85,80,Oranjestad
147,Ada,Jurasek,ajurasek42@bluehost.com,Female,79,36,$7.64,84,Póvoa
148,Phylis,Mithon,pmithon43@joomla.org,Female,3,2,$8.22,39,Lahan Sai
149,Mariska,Liquorish,mliquorish44@acquirethisname.com,Genderqueer,72,15,$8.29,79,Ervedosa do Douro
150,Duffie,Clubley,dclubley45@tuttocitta.it,Male,56,13,$2.02,28,Otra Banda
151,Hadrian,Bennedsen,hbennedsen46@foxnews.com,Male,76,87,$5.57,73,Jetis
152,Donna,Fernando,dfernando47@abc.net.au,Female,67,64,$0.93,94,Huzhen
153,Stanton,Rome,srome48@elpais.com,Male,17,74,$4.83,50,Antony
154,Vikki,Lindley,vlindley49@cocolog-nifty.com,Female,15,27,$8.79,32,Wolbrom
155,Allx,Inggall,ainggall4a@telegraph.co.uk,Female,28,16,$3.72,25,Yŏnggwang-ŭp
156,Cecil,Bradie,cbradie4b@artisteer.com,Female,82,92,$8.45,20,Az Zintān
157,John,Gocher,jgocher4c@ucoz.com,Male,49,62,$0.29,5,Cangshan
158,Wilburt,Percy,wpercy4d@buzzfeed.com,Male,24,100,$7.44,96,Tanjung Pandan
159,Kizzie,Windrus,kwindrus4e@plala.or.jp,Female,53,25,$4.60,79,Privlaka
160,Fanya,Ingall,fingall4f@japanpost.jp,Bigender,86,25,$9.04,49,Carrigaline
161,Giordano,Mattack,gmattack4g@wix.com,Non-binary,1,5,$8.41,86,Polloc
162,Johny,Crystal,jcrystal4h@prweb.com,Agender,10,56,$2.36,4,Donggu
163,Moe,Pflieger,mpflieger4i@canalblog.com,Male,73,38,$6.62,87,Cibalung
164,Claiborne,Ballam,cballam4j@wix.com,Male,62,62,$8.52,31,Jatinagara
165,Francisco,Pillman,fpillman4k@cargocollective.com,Male,43,23,$4.90,15,Samuhú
166,Berky,Cloughton,bcloughton4l@techcrunch.com,Genderqueer,96,60,$2.77,67,Jiangchang
167,Ira,Eagell,ieagell4m@google.com.br,Female,34,92,$1.75,93,Morales
168,Carroll,Hansberry,chansberry4n@bravesites.com,Female,88,15,$1.42,75,Colima
169,Sadella,Fennell,sfennell4o@netlog.com,Female,37,44,$1.60,45,Kasamwa
170,Merle,Laker,mlaker4p@statcounter.com,Male,45,62,$3.03,64,Daja Lorong
171,Natty,Terrington,nterrington4q@4shared.com,Female,25,66,$6.10,25,Zhentou
172,Lindsay,Bruno,lbruno4r@tinyurl.com,Genderfluid,48,40,$1.10,91,Noailles
173,Miranda,Pretty,mpretty4s@geocities.com,Female,78,84,$7.84,70,Profítis Ilías
174,Kandy,Currm,kcurrm4t@weibo.com,Female,76,20,$4.17,83,Kardhiq
175,Llywellyn,Fulker,lfulker4u@xing.com,Male,31,36,$6.12,1,Nantes
176,Ray,Waywell,rwaywell4v@issuu.com,Female,57,44,$9.73,29,Saint-Augustin-de-Desmaures
177,Misti,Bedbury,mbedbury4w@blogspot.com,Female,53,87,$9.40,80,Wŏnju
178,Kacy,Crehan,kcrehan4x@cloudflare.com,Female,38,79,$9.56,50,Malabago
179,Marcellus,Tort,mtort4y@symantec.com,Male,48,66,$1.26,64,Dungon
180,Caressa,Rasch,crasch4z@house.gov,Female,96,64,$2.00,90,Vila
181,Daune,Tew,dtew50@zdnet.com,Genderqueer,79,35,$9.16,12,Miliangju
182,Jobi,Kless,jkless51@discovery.com,Female,22,68,$0.57,8,Guay
183,Harvey,Bartelot,hbartelot52@yelp.com,Male,17,3,$2.95,50,Falun
184,Fawnia,Dreng,fdreng53@sciencedaily.com,Female,35,16,$8.61,99,Glasnevin
185,Christian,Croal,ccroal54@cocolog-nifty.com,Female,32,33,$0.39,72,Osby
186,Terra,Batchellor,tbatchellor55@sbwire.com,Female,19,41,$6.81,39,Grande Rivière Noire
187,Ignacio,de Lloyd,idelloyd56@netscape.com,Male,71,34,$0.74,83,Weiyuan
188,Ody,Quinion,oquinion57@mlb.com,Male,69,58,$5.00,78,Dengteke
189,Thomasina,Cromly,tcromly58@narod.ru,Female,18,99,$1.12,13,Łobez
190,Britt,Simeone,bsimeone59@geocities.com,Female,15,50,$2.66,69,Mesopotam
191,Vivianna,Bowdler,vbowdler5a@stumbleupon.com,Female,19,69,$6.06,77,Shifang
192,Ahmed,Godmar,agodmar5b@cbslocal.com,Male,75,25,$2.79,99,Ventersburg
193,Brinna,Waterstone,bwaterstone5c@youku.com,Female,55,65,$4.79,89,Babakan
194,Kellby,Vezey,kvezey5d@t-online.de,Male,7,1,$4.60,24,Krajan Jamprong
195,Orel,Jorge,ojorge5e@slate.com,Female,23,86,$2.62,29,Fuyong
196,Godiva,Suddaby,gsuddaby5f@washingtonpost.com,Female,34,72,$3.64,78,Tabaga
197,Kerwinn,Yarrington,kyarrington5g@tinypic.com,Male,17,33,$5.25,65,Drachten
198,Jonie,Knoles,jknoles5h@disqus.com,Female,52,20,$3.60,7,Rudnichnyy
199,Adolphe,Hammerich,ahammerich5i@hao123.com,Non-binary,42,77,$1.44,30,Fershampenuaz
200,Halli,Riding,hriding5j@tiny.cc,Female,71,29,$3.79,50,Xiangrong
201,Dominga,Faunch,dfaunch5k@google.fr,Female,60,36,$9.34,55,Kokas
202,Michaela,Hurcombe,mhurcombe5l@disqus.com,Non-binary,27,5,$5.85,42,Tbilisskaya
203,Sampson,Beyne,sbeyne5m@ning.com,Male,30,38,$0.56,53,Podgortsy
204,Erroll,Havock,ehavock5n@reverbnation.com,Agender,77,87,$9.86,42,Stockholm
205,Otho,Bennetto,obennetto5o@go.com,Male,25,50,$8.23,89,Loangmaka
206,Arie,Ivushkin,aivushkin5p@redcross.org,Male,88,26,$2.96,78,Banjar Pangkungkarung Kangin
207,Terri,Bye,tbye5q@army.mil,Female,90,60,$1.48,69,Hongshunli
208,Ange,Barrell,abarrell5r@netvibes.com,Male,33,98,$6.45,11,Xunzhong
209,Haley,Chesswas,hchesswas5s@angelfire.com,Male,13,40,$4.46,57,Malindi
210,Gawain,Wrighton,gwrighton5t@bloglovin.com,Male,67,8,$2.13,89,Tô Hạp
211,Abba,Fossett,afossett5u@com.com,Male,84,92,$2.16,88,Besteiros
212,Edee,Nelmes,enelmes5v@newyorker.com,Female,97,52,$4.25,78,Taiyang
213,Colet,Daughtrey,cdaughtrey5w@bloomberg.com,Male,66,39,$3.39,76,Kao Liao
214,Lorant,Shellibeer,lshellibeer5x@theatlantic.com,Male,96,14,$4.08,28,Aimin
215,Manolo,Bagnold,mbagnold5y@accuweather.com,Male,19,30,$1.35,63,Mashiko
216,Mohandas,Gaveltone,mgaveltone5z@biblegateway.com,Male,22,71,$8.55,51,Rozkishne
217,Ingra,Ambrodi,iambrodi60@hexun.com,Male,88,13,$6.27,92,Knežica
218,Gawain,Antonijevic,gantonijevic61@gnu.org,Male,45,85,$9.46,55,Campor
219,Raina,Titterell,rtitterell62@qq.com,Female,85,89,$4.91,30,Jiaozhou
220,Krishnah,Crosskill,kcrosskill63@multiply.com,Non-binary,93,41,$9.10,6,Sollefteå
221,Cyrillus,Verrills,cverrills64@mozilla.org,Male,99,97,$9.94,100,Ostrožská Lhota
222,Elfie,Zecchini,ezecchini65@google.co.uk,Female,71,10,$9.44,81,Changhan
223,Hermine,Pagitt,hpagitt66@jalbum.net,Genderfluid,66,38,$6.02,59,Osapsio
224,Stephie,Pressnell,spressnell67@topsy.com,Female,94,82,$2.95,2,Pajić Polje
225,Evelina,Bradbury,ebradbury68@buzzfeed.com,Female,68,36,$1.21,92,Libertad
226,Caldwell,Tomasino,ctomasino69@oakley.com,Male,64,22,$1.23,10,London
227,Bertha,Gill,bgill6a@taobao.com,Female,58,38,$2.41,40,Torino
228,Maddie,Spendlove,mspendlove6b@a8.net,Female,70,85,$6.09,40,Lüfeng
229,Sarita,Lipgens,slipgens6c@creativecommons.org,Female,60,17,$3.37,79,Pangao
230,Cory,Grelka,cgrelka6d@imgur.com,Male,91,13,$5.88,61,Durham
231,Arch,Cardenas,acardenas6e@arstechnica.com,Male,44,35,$7.56,64,Olsztynek
232,Onofredo,Brackenridge,obrackenridge6f@123-reg.co.uk,Agender,75,36,$5.70,30,Osan
233,Roderigo,Balsom,rbalsom6g@meetup.com,Male,5,50,$2.38,96,Przesmyki
234,Leodora,Wyllie,lwyllie6h@godaddy.com,Female,16,79,$8.82,30,Sindangheula
235,Earlie,Sivill,esivill6i@com.com,Male,48,61,$6.58,22,Jugezhuang
236,Reynard,Danher,rdanher6j@acquirethisname.com,Male,95,94,$2.27,9,Fantino
237,Ettore,Kike,ekike6k@phpbb.com,Male,54,38,$9.52,21,Tunjuk Selatan
238,Bliss,Blackall,bblackall6l@rakuten.co.jp,Female,83,64,$1.53,28,Boluo
239,Si,Lampe,slampe6m@xinhuanet.com,Male,46,33,$5.29,60,Burirao
240,Caritta,Hobben,chobben6n@nbcnews.com,Female,92,94,$5.86,60,København
241,Berget,Everwin,beverwin6o@exblog.jp,Female,90,57,$2.32,97,Xinkaikou
242,Jobyna,Royden,jroyden6p@altervista.org,Female,5,56,$7.77,60,Viana
243,Bastien,Dennidge,bdennidge6q@youtu.be,Male,83,9,$1.39,73,Jiangshan
244,Davidson,Ailsbury,dailsbury6r@dmoz.org,Male,78,94,$9.73,41,Khrebtovaya
245,Thomasine,Kusick,tkusick6s@soup.io,Female,9,4,$3.05,83,Bojongsari
246,Darcee,Healy,dhealy6t@ning.com,Female,72,81,$2.32,16,Sanshan
247,Batholomew,Peer,bpeer6u@instagram.com,Male,48,41,$5.57,28,Raphoe
248,Merrily,Snarr,msnarr6v@goodreads.com,Female,1,27,$8.53,74,La Eduvigis
249,Athene,Daunter,adaunter6w@php.net,Female,80,65,$4.97,42,Gongyi
250,Evvie,Hazeldine,ehazeldine6x@wp.com,Female,1,2,$3.08,91,Tayirove
251,Rustie,Le Moucheux,rlemoucheux6y@eventbrite.com,Male,40,63,$7.64,44,Yaozhou
252,Wilbert,Witheford,wwitheford6z@independent.co.uk,Male,23,40,$1.76,99,Zarya
253,Norry,Pennuzzi,npennuzzi70@wunderground.com,Female,1,77,$8.93,93,Taipinghu
254,Galvin,Morphey,gmorphey71@shinystat.com,Male,4,43,$9.03,35,Ulricehamn
255,Mata,Buscombe,mbuscombe72@cdbaby.com,Male,26,58,$8.73,44,Durham
256,Averil,Hatchman,ahatchman73@nhs.uk,Female,57,75,$7.79,42,Kebonan
257,Hartwell,Dagwell,hdagwell74@ameblo.jp,Genderqueer,3,84,$5.70,55,Pivka
258,Ursa,Trett,utrett75@comcast.net,Female,89,76,$0.51,28,Lingcheng
259,Silvio,Wreiford,swreiford76@scribd.com,Male,32,90,$0.59,54,Abreus
260,Mellisent,Torr,mtorr77@yale.edu,Female,28,91,$7.31,18,Baishigou
261,Dallis,Congreve,dcongreve78@apple.com,Male,79,49,$2.90,25,Marly
262,Wallie,Pavolillo,wpavolillo79@weebly.com,Female,50,4,$2.23,4,Täby
263,Gustav,Tilby,gtilby7a@answers.com,Male,67,27,$1.08,3,Munse
264,Frasier,Lantiffe,flantiffe7b@springer.com,Male,52,52,$4.30,16,San Miguel
265,Whitman,Bortolotti,wbortolotti7c@newsvine.com,Male,79,11,$3.16,71,Daga
266,Sergio,Coghill,scoghill7d@dell.com,Agender,55,32,$9.51,67,San Francisco
267,Marcellus,Debill,mdebill7e@netlog.com,Male,87,91,$7.97,79,Tandahimba
268,Price,Eades,peades7f@ning.com,Genderfluid,35,27,$5.42,2,Panite
269,Wileen,Jaszczak,wjaszczak7g@about.com,Female,48,65,$3.26,78,Weston
270,Nona,Heine,nheine7h@apple.com,Female,53,9,$1.75,34,Pacaraos
271,Everett,Richin,erichin7i@ihg.com,Male,43,43,$7.04,96,Balazar
272,Davidde,Gierck,dgierck7j@harvard.edu,Polygender,10,25,$9.35,26,Zandak
273,Itch,Witchard,iwitchard7k@bloomberg.com,Male,76,100,$8.36,78,Stapleford
274,Kailey,Smieton,ksmieton7l@slashdot.org,Female,2,24,$8.60,22,Sidrolândia
275,Page,Blaszkiewicz,pblaszkiewicz7m@blogtalkradio.com,Female,42,48,$5.62,32,Khirbat Tīn Nūr
276,Darla,Bleaden,dbleaden7n@nature.com,Female,68,65,$5.91,79,Rama
277,Rab,Weiss,rweiss7o@ocn.ne.jp,Male,6,50,$4.69,85,Sudislavl’
278,Noemi,Jex,njex7p@boston.com,Female,90,82,$2.61,93,Metsamor
279,Erinna,Simoneschi,esimoneschi7q@cbc.ca,Female,42,23,$2.21,51,Chaltyr
280,Dael,Andreini,dandreini7r@liveinternet.ru,Female,70,68,$9.08,92,Mehendiganj
281,Margot,Byrd,mbyrd7s@ucsd.edu,Female,77,94,$2.62,33,Puerto Varas
282,Chrystel,Bassano,cbassano7t@imageshack.us,Female,97,95,$7.64,23,Baiyang
283,Gawain,Rozet,grozet7u@godaddy.com,Male,28,3,$5.55,45,Selce
284,Giuditta,Tooby,gtooby7v@adobe.com,Female,18,44,$8.74,51,Canelas
285,Jamaal,Abrahamoff,jabrahamoff7w@cmu.edu,Male,23,50,$2.33,84,Kefar Tavor
286,Fidel,Sumner,fsumner7x@uiuc.edu,Male,30,35,$3.68,93,Sangat
287,Casie,Owbrick,cowbrick7y@howstuffworks.com,Female,82,93,$1.69,75,El Paso
288,Homerus,Cumberledge,hcumberledge7z@cam.ac.uk,Male,86,62,$6.28,3,Neebing
289,Gerrie,MacCartair,gmaccartair80@xing.com,Genderqueer,30,11,$2.29,72,San Guillermo
290,Cybil,Luggar,cluggar81@bravesites.com,Female,57,20,$5.37,64,Pindi Gheb
291,Alta,Rey,arey82@noaa.gov,Female,93,55,$3.18,25,Jingdu
292,Lizzie,McBrier,lmcbrier83@exblog.jp,Non-binary,2,84,$9.42,25,Abóboda
293,Delora,Lorne,dlorne84@github.io,Female,6,98,$3.05,13,Bobojong
294,Hastie,Kedwell,hkedwell85@vimeo.com,Male,29,43,$4.47,10,Potet
295,Alethea,Mothersdale,amothersdale86@eventbrite.com,Female,31,63,$9.37,83,Antonio Toledo Corro
296,Alexine,Coveny,acoveny87@businessweek.com,Female,49,73,$9.24,19,Longmen
297,Renault,Joubert,rjoubert88@wikia.com,Male,32,49,$1.23,86,Limbangan
298,Jolyn,Beumant,jbeumant89@wunderground.com,Female,53,81,$1.50,100,Anren Chengguanzhen
299,Venita,Laurent,vlaurent8a@rakuten.co.jp,Female,12,58,$3.37,37,Junshan
300,Philippa,Holberry,pholberry8b@dion.ne.jp,Female,51,92,$4.82,57,Benito Juarez
301,Wendy,Seivwright,wseivwright8c@drupal.org,Female,12,95,$7.76,7,Kamyanyuki
302,Fairfax,Benedidick,fbenedidick8d@ft.com,Male,35,70,$5.47,33,An Nāşirah
303,Efren,Hovie,ehovie8e@mapy.cz,Male,1,41,$9.52,33,Bajia
304,Karlen,Noli,knoli8f@google.com.br,Female,48,12,$4.63,13,Los Andes
305,Maris,Sinney,msinney8g@cargocollective.com,Female,77,44,$3.32,33,Chojna
306,Bel,Cartner,bcartner8h@quantcast.com,Female,34,72,$6.21,14,Mozdok
307,Ernst,Barrable,ebarrable8i@bravesites.com,Male,39,55,$7.75,91,Ipojuca
308,Troy,Quincee,tquincee8j@weather.com,Male,51,84,$6.95,16,Haoxinying
309,Whitby,Berndsen,wberndsen8k@ow.ly,Male,6,74,$2.51,59,Patrocinio
310,Immanuel,Candy,icandy8l@liveinternet.ru,Male,6,97,$2.76,93,Imbituva
311,Alida,Fontenot,afontenot8m@deliciousdays.com,Female,33,90,$7.93,28,Pangascasan
312,Catlee,Aronstein,caronstein8n@ca.gov,Genderfluid,83,83,$1.89,5,Kimje
313,Thebault,Ehlerding,tehlerding8o@booking.com,Agender,60,18,$0.49,89,Paluan
314,Duky,Dybald,ddybald8p@eventbrite.com,Non-binary,63,76,$0.98,46,Zhutuo
315,Noni,Dyter,ndyter8q@chron.com,Female,35,68,$9.92,4,Wangge’ertang
316,Maryellen,Mazzeo,mmazzeo8r@fastcompany.com,Female,13,95,$2.47,52,Jiantiao
317,Schuyler,McVeagh,smcveagh8s@mapquest.com,Male,56,72,$1.60,87,Vetrino
318,Marlene,Surgeoner,msurgeoner8t@t.co,Female,14,60,$1.68,98,Zhaoxian
319,Laurianne,Weippert,lweippert8u@ocn.ne.jp,Female,72,69,$3.28,69,Gjinkar
320,Ashton,Blumire,ablumire8v@telegraph.co.uk,Male,57,62,$1.14,67,Turpo
321,Gasper,Euston,geuston8w@smh.com.au,Male,51,78,$8.70,32,Mandera
322,Trstram,Fronczak,tfronczak8x@wikipedia.org,Polygender,71,10,$3.18,77,Bankaw
323,Rowney,Braitling,rbraitling8y@squidoo.com,Male,93,86,$2.89,99,Sulūk
324,Andria,Martine,amartine8z@weebly.com,Female,4,50,$0.55,49,Marmárion
325,Emory,Ralestone,eralestone90@aboutads.info,Male,100,71,$7.09,53,Ploemeur
326,Aurlie,Dudek,adudek91@about.me,Female,5,91,$2.52,40,Sacramento
327,Franky,Kellar,fkellar92@arstechnica.com,Female,76,80,$0.93,100,Pārūn
328,Broddie,Tombling,btombling93@diigo.com,Male,58,37,$9.14,91,Shiroishi
329,Gerianna,Hiscoke,ghiscoke94@google.es,Female,45,24,$8.20,24,Hetou
330,Wolfy,Awcoate,wawcoate95@digg.com,Male,64,16,$6.89,32,Kedatuan
331,Mead,Lydall,mlydall96@skyrock.com,Male,68,12,$0.49,93,Gunungbatu
332,Colette,Royson,croyson97@google.es,Female,20,50,$8.68,81,Vashkivtsi
333,Steven,McCleverty,smccleverty98@exblog.jp,Male,80,66,$0.89,10,Ncue
334,Erik,Siggers,esiggers99@ocn.ne.jp,Male,30,93,$7.94,42,Mayantoc
335,Frasquito,Collis,fcollis9a@patch.com,Male,21,96,$9.11,1,Lanlacuni Bajo
336,Inigo,Sinnott,isinnott9b@princeton.edu,Male,42,23,$0.06,21,Dayapan
337,Kip,Doby,kdoby9c@boston.com,Female,21,22,$3.30,39,Kitakami
338,Fayth,Cadogan,fcadogan9d@businesswire.com,Female,96,6,$3.04,87,Hubei
339,Holden,Tilt,htilt9e@paypal.com,Male,83,38,$4.63,22,Tiksi
340,Konrad,Quarton,kquarton9f@webeden.co.uk,Male,38,63,$2.67,46,Palauig
341,Lurlene,Pabel,lpabel9g@dion.ne.jp,Female,42,40,$4.32,41,Manay
342,Modestia,Major,mmajor9h@addthis.com,Agender,74,58,$1.73,96,Tongjiaxi
343,Kevyn,Perrigo,kperrigo9i@squidoo.com,Female,59,37,$2.04,93,Náklo
344,Mel,Pickburn,mpickburn9j@whitehouse.gov,Male,52,21,$2.78,88,Kävlinge
345,Cordy,Currier,ccurrier9k@nsw.gov.au,Female,99,47,$7.74,32,Webuye
346,Lezley,Marcussen,lmarcussen9l@apache.org,Bigender,31,86,$9.52,88,Tangal
347,Damaris,Feragh,dferagh9m@g.co,Female,53,8,$7.37,92,Nianpan
348,Tonia,Mathan,tmathan9n@bigcartel.com,Female,71,15,$6.72,28,Rashaant
349,Uriel,de Aguirre,udeaguirre9o@apache.org,Male,30,1,$9.36,100,Olenegorsk
350,Clotilda,Duffil,cduffil9p@arstechnica.com,Female,45,76,$7.84,23,Gufeng
351,Nappie,Polly,npolly9q@statcounter.com,Male,34,62,$4.45,35,Saḩab
352,Korney,Burle,kburle9r@delicious.com,Female,62,96,$9.22,70,Rizal
353,Petronille,Dumingos,pdumingos9s@twitpic.com,Female,29,83,$3.52,44,Kungshamn
354,Nert,Dingley,ndingley9t@illinois.edu,Female,20,5,$4.32,7,Donglai
355,Lannie,Bellefonte,lbellefonte9u@shutterfly.com,Genderqueer,89,27,$4.41,73,Beiwa
356,Rozamond,Ismail,rismail9v@bing.com,Genderqueer,49,24,$9.31,49,Concepción
357,Tasia,Stallwood,tstallwood9w@princeton.edu,Female,50,47,$9.63,9,Beit Jann
358,Shannon,Rexworthy,srexworthy9x@salon.com,Male,76,5,$7.24,17,Luoping
359,Danica,Ashard,dashard9y@google.co.jp,Female,7,44,$6.25,30,Velagići
360,Jo,Liff,jliff9z@printfriendly.com,Female,43,51,$8.52,83,Qiubin
361,Vidovik,Shurrock,vshurrocka0@admin.ch,Male,2,67,$9.88,20,Shanmu
362,Dionne,Agget,daggeta1@ebay.co.uk,Female,44,62,$6.35,57,Lembur Tengah
363,Skippy,Bristowe,sbristowea2@foxnews.com,Male,96,38,$4.77,18,Blois
364,Willy,Cree,wcreea3@theguardian.com,Male,59,20,$6.60,63,Wangzha
365,Domini,Pett,dpetta4@bluehost.com,Female,84,39,$7.37,20,Kalāt-e Nāderī
366,Manolo,Mollatt,mmollatta5@ocn.ne.jp,Male,27,19,$9.16,73,Petroúpolis
367,Cassandre,Bartlomiejczyk,cbartlomiejczyka6@apache.org,Female,79,42,$3.30,75,Miaoling
368,Kirbee,Paradine,kparadinea7@japanpost.jp,Female,83,20,$9.68,41,Cambebba
369,Ruperto,Harryman,rharrymana8@apache.org,Male,30,17,$0.26,1,Cagwait
370,Lucky,Caudrey,lcaudreya9@diigo.com,Female,39,99,$5.79,97,Saipan
371,Desirae,Izachik,dizachikaa@com.com,Female,63,13,$9.66,99,Rayside-Balfour
372,Esther,Peatman,epeatmanab@google.co.jp,Female,2,98,$7.57,18,Farah
373,Pierrette,Ginman,pginmanac@lulu.com,Female,27,18,$0.81,79,Samashki
374,Batholomew,Helling,bhellingad@dell.com,Male,12,96,$4.42,51,Pasonobenu
375,Tiffanie,Purrington,tpurringtonae@phpbb.com,Female,58,29,$0.84,97,Heqian
376,Miquela,Semmence,msemmenceaf@tamu.edu,Female,91,34,$8.72,69,Gubukjero Timuk
377,Deane,Lockart,dlockartag@si.edu,Male,33,98,$2.95,3,Drawsko
378,Mohandis,Hatwell,mhatwellah@behance.net,Bigender,87,22,$7.14,20,Yangtan
379,Fernanda,Cory,fcoryai@themeforest.net,Genderfluid,82,14,$6.66,72,Papineauville
380,Frederic,O'Scannill,foscannillaj@wikispaces.com,Male,12,59,$2.47,16,Tsévié
381,Phyllis,Vlasyuk,pvlasyukak@usa.gov,Genderfluid,31,61,$7.91,43,San Jacinto
382,Sylas,Paskins,spaskinsal@163.com,Male,9,85,$8.34,45,Novi Karlovci
383,Seymour,McClelland,smcclellandam@odnoklassniki.ru,Male,82,74,$4.11,63,Dongpu
384,Audra,Klampt,aklamptan@bravesites.com,Female,14,34,$7.76,8,Higetegera
385,Caterina,Stutard,cstutardao@guardian.co.uk,Female,70,86,$0.13,50,Solna
386,Leanor,Giuron,lgiuronap@free.fr,Female,23,31,$4.81,13,Aūa
387,Laraine,Logan,lloganaq@nydailynews.com,Female,52,95,$0.43,98,Paris 16
388,Hanni,Cresswell,hcresswellar@chicagotribune.com,Female,55,63,$8.90,40,Jablah
389,Neddie,Pennetta,npennettaas@state.tx.us,Male,58,51,$3.83,7,Yokkaichi
390,Ruby,Klicher,rklicherat@naver.com,Female,87,19,$4.74,31,Kabuynan
391,Gaylene,Jiracek,gjiracekau@google.com.br,Female,45,67,$2.16,49,Ban Talat Bueng
392,Norton,Ridout,nridoutav@friendfeed.com,Male,10,10,$9.77,33,Fengqiao
393,Juana,Cardenosa,jcardenosaaw@reverbnation.com,Female,16,41,$4.38,72,Iganga
394,Ofella,Scotney,oscotneyax@ox.ac.uk,Polygender,24,8,$1.82,43,Niuzhuang
395,Mervin,Tilliard,mtilliarday@walmart.com,Male,63,15,$0.39,34,Turbiv
396,Toddie,Polglase,tpolglaseaz@admin.ch,Polygender,29,40,$3.35,91,Vanino
397,Elisha,Peres,eperesb0@gravatar.com,Polygender,43,64,$5.98,90,San Diego
398,Otis,Belcham,obelchamb1@cisco.com,Male,67,26,$4.62,95,Alor Setar
399,Perren,Bentote,pbentoteb2@feedburner.com,Male,77,1,$2.00,16,Pragen Selatan
400,Huntley,Corona,hcoronab3@toplist.cz,Genderqueer,47,16,$9.61,30,Shishang
401,Maddy,Archbutt,marchbuttb4@tuttocitta.it,Female,5,69,$8.20,19,Ibarreta
402,Isidor,Grimsdell,igrimsdellb5@si.edu,Bigender,69,36,$0.10,93,Loa Janan
403,Yolanthe,Bunney,ybunneyb6@tinyurl.com,Female,22,61,$6.93,7,Conchal
404,Page,Bodicam,pbodicamb7@123-reg.co.uk,Male,99,99,$0.58,95,Ponce
405,Stafford,Dyson,sdysonb8@prlog.org,Male,9,12,$7.69,17,Pingshui
406,Sammy,Andersen,sandersenb9@issuu.com,Female,79,24,$0.31,56,Aubenas
407,Duffy,Boseley,dboseleyba@mail.ru,Male,18,43,$4.24,42,Blagaj
408,Prissie,Fylan,pfylanbb@japanpost.jp,Non-binary,2,70,$7.85,82,Arhust
409,Magdalena,Geraudel,mgeraudelbc@cbslocal.com,Female,83,85,$6.17,79,Rublëvo
410,Pooh,Coxwell,pcoxwellbd@merriam-webster.com,Male,93,90,$9.60,57,Quinta
411,Whitman,Jacobssen,wjacobssenbe@ebay.com,Male,74,29,$0.77,98,Tsuruga
412,Craggy,Edmeades,cedmeadesbf@comcast.net,Male,87,78,$8.57,9,Tignoan
413,Zackariah,McQuillen,zmcquillenbg@sfgate.com,Male,38,48,$8.05,52,Litvínovice
414,Mordecai,Cryer,mcryerbh@cocolog-nifty.com,Male,60,9,$9.18,19,Nuyno
415,Isidore,Bonallack,ibonallackbi@stanford.edu,Genderqueer,62,45,$9.66,64,Djounie
416,Callean,Limpricht,climprichtbj@dot.gov,Male,74,22,$7.19,38,Stepnogorsk
417,Maurice,Colls,mcollsbk@indiatimes.com,Male,58,12,$5.99,3,Boracéia
418,Tracey,Sherel,tsherelbl@miitbeian.gov.cn,Male,15,57,$1.68,38,Dananshan
419,Martie,Keig,mkeigbm@yelp.com,Male,37,59,$0.59,77,Teluksantong
420,Rhiamon,Style,rstylebn@pinterest.com,Female,99,70,$5.28,19,Mocoa
421,Lorrie,Pineaux,lpineauxbo@forbes.com,Female,90,24,$1.01,90,Batan
422,Roselia,Olohan,rolohanbp@mashable.com,Female,16,40,$7.78,42,Neuzina
423,Jo ann,Dudny,jdudnybq@huffingtonpost.com,Female,11,6,$1.13,40,Wadung
424,Ode,St. Clair,ostclairbr@twitpic.com,Male,55,34,$0.08,87,Stockholm
425,Esra,Woolmington,ewoolmingtonbs@slashdot.org,Male,73,34,$1.91,57,Tindog
426,Constancy,Sirett,csirettbt@bloglines.com,Female,9,92,$1.59,33,Verkhniy Kurkuzhin
427,Cathleen,Murtell,cmurtellbu@boston.com,Female,58,79,$6.14,58,Albarraque
428,Chase,Cattellion,ccattellionbv@hibu.com,Male,92,90,$2.66,86,Cầu Giát
429,Ninon,Ritch,nritchbw@accuweather.com,Female,10,85,$2.23,25,Chigorodó
430,Marion,Probets,mprobetsbx@wunderground.com,Female,35,44,$9.92,70,Berekum
431,Luke,McGilmartin,lmcgilmartinby@ning.com,Male,61,58,$2.20,95,Nanchangshan
432,Ferdinand,Addenbrooke,faddenbrookebz@vistaprint.com,Male,1,47,$8.12,4,Çalxanqala
433,Ethe,Kenwyn,ekenwync0@mapquest.com,Male,28,32,$7.95,62,Zawiya
434,Henrieta,Paradine,hparadinec1@si.edu,Female,73,23,$6.89,52,Thạnh Hóa
435,Burg,Kruse,bkrusec2@yelp.com,Male,42,22,$4.23,50,Changnyeong
436,Manfred,Brewer,mbrewerc3@ehow.com,Male,15,31,$3.08,91,Aroroy
437,Tonie,Stallebrass,tstallebrassc4@blog.com,Female,72,71,$6.41,30,Kaznějov
438,Rania,Jakubovics,rjakubovicsc5@utexas.edu,Female,11,22,$4.47,21,Haunubenak
439,Hailee,Belasco,hbelascoc6@dagondesign.com,Female,26,9,$8.16,17,Babakankadu
440,Benedikt,Breslau,bbreslauc7@miibeian.gov.cn,Male,95,28,$2.55,86,Partikan
441,Cassi,Paeckmeyer,cpaeckmeyerc8@businessweek.com,Female,68,24,$3.30,79,San Diego
442,Axel,Olford,aolfordc9@twitpic.com,Male,26,81,$1.11,59,Dniprodzerzhyns’k
443,Janella,McCorley,jmccorleyca@soundcloud.com,Female,25,68,$5.27,5,Pilar
444,Elden,Mardall,emardallcb@bloglines.com,Male,79,53,$4.57,62,Kinnula
445,Meggi,Novotna,mnovotnacc@liveinternet.ru,Polygender,77,90,$4.65,92,Minneapolis
446,Amitie,Riggoll,ariggollcd@ihg.com,Female,68,13,$2.95,67,Ruangwa
447,Jarrett,Jimenez,jjimenezce@hao123.com,Male,57,76,$5.85,98,Pinhal Novo
448,Truman,Banke,tbankecf@boston.com,Male,29,82,$7.26,6,Agrela
449,Brnaby,Minton,bmintoncg@tinyurl.com,Male,89,23,$6.47,94,Rezé
450,Martie,Batte,mbattech@mapy.cz,Male,98,45,$4.75,97,Doyong
451,Filbert,Coplestone,fcoplestoneci@meetup.com,Male,58,62,$5.59,6,Caen
452,Diane-marie,Clemonts,dclemontscj@accuweather.com,Female,75,82,$1.65,51,Khodzha-Maston
453,Gaultiero,Jobling,gjoblingck@tmall.com,Male,78,43,$6.13,43,Dongdong
454,Meyer,Hanmer,mhanmercl@bluehost.com,Male,80,53,$2.13,26,Esfarāyen
455,Rici,Pitway,rpitwaycm@phoca.cz,Female,64,29,$9.48,98,Vila Alva
456,Alyce,Bannon,abannoncn@youtube.com,Female,56,49,$5.43,77,Tisco
457,Melinde,Medford,mmedfordco@fema.gov,Female,93,81,$9.41,24,Ozorków
458,Edan,Blaskett,eblaskettcp@booking.com,Male,21,3,$5.24,78,Longju
459,Burt,Wayvill,bwayvillcq@ted.com,Male,83,61,$3.34,42,Nový Knín
460,Byrom,Allix,ballixcr@freewebs.com,Male,18,92,$0.28,63,Verkh-Usugli
461,Penn,Macilhench,pmacilhenchcs@yolasite.com,Male,89,19,$1.27,71,L'Assomption
462,Brent,Rotter,brotterct@apple.com,Male,83,32,$1.39,47,Jiucaigou
463,Purcell,Lorrimer,plorrimercu@earthlink.net,Polygender,46,21,$7.22,99,Portarlington
464,Parsifal,Dumberrill,pdumberrillcv@economist.com,Male,45,13,$9.60,39,Hlusk
465,Rosita,Mafham,rmafhamcw@cisco.com,Female,54,48,$5.83,75,Yuanqiao
466,Alexa,Waddingham,awaddinghamcx@java.com,Female,82,47,$0.36,84,Luxi
467,Rafe,Wicher,rwichercy@guardian.co.uk,Male,61,29,$3.83,48,Luleå
468,Cynde,Dysert,cdysertcz@weebly.com,Female,13,63,$7.84,85,Veruela
469,Octavius,Boote,obooted0@hc360.com,Non-binary,50,56,$9.05,62,Samut Songkhram
470,Miquela,Garcia,mgarciad1@w3.org,Female,100,91,$3.11,52,Metchosin
471,Theo,Morrel,tmorreld2@spotify.com,Female,12,80,$3.07,8,Iida
472,Coop,Klesse,cklessed3@ifeng.com,Male,77,48,$4.91,10,Margasana
473,Manny,Kemell,mkemelld4@delicious.com,Male,81,53,$5.68,3,Sobue
474,Ianthe,Melesk,imeleskd5@dyndns.org,Female,18,33,$2.70,83,Vavuniya
475,Arvin,Antrobus,aantrobusd6@wikispaces.com,Male,92,35,$3.73,11,Bun Barat
476,Trenton,Volke,tvolked7@dedecms.com,Male,16,90,$2.68,24,Putukrejo
477,Hurleigh,Santos,hsantosd8@reverbnation.com,Male,82,9,$8.86,5,Hagonoy
478,Monti,Melluish,mmelluishd9@paypal.com,Male,59,82,$9.33,37,Adh Dhayd
479,Erin,Crossgrove,ecrossgroveda@nytimes.com,Agender,85,44,$4.36,9,Kuantan
480,Stella,Canfield,scanfielddb@ocn.ne.jp,Female,26,70,$5.94,52,Dolo
481,Phillida,Brandenburg,pbrandenburgdc@tripod.com,Female,81,68,$4.09,62,Kagay
482,Jock,Winslow,jwinslowdd@ucoz.ru,Male,27,97,$0.97,33,Vale de São Cosme
483,Herschel,Braganca,hbragancade@loc.gov,Male,75,18,$4.55,99,Dzhebariki-Khaya
484,Catherina,Milsted,cmilsteddf@ed.gov,Female,24,47,$9.99,87,Jianshe
485,Nerty,Jacklings,njacklingsdg@scribd.com,Female,40,82,$5.08,13,Sabaneta
486,Franklyn,Adam,fadamdh@phoca.cz,Male,68,44,$7.01,26,Touying
487,Bev,Gisby,bgisbydi@parallels.com,Agender,52,2,$8.89,51,Talca
488,Zuzana,Goodnow,zgoodnowdj@bravesites.com,Female,17,73,$3.63,37,Bethal
489,Wenda,Setchfield,wsetchfielddk@ning.com,Female,4,55,$3.21,64,Vykhino-Zhulebino
490,Chrotoem,Dennison,cdennisondl@gov.uk,Male,45,56,$6.58,90,Yucheng
491,Catarina,Boyle,cboyledm@ed.gov,Female,30,78,$2.82,13,Vitoria-Gasteiz
492,Leonanie,Hodgen,lhodgendn@vimeo.com,Female,22,70,$6.84,6,El Hamma
493,Krystal,Baugham,kbaughamdo@odnoklassniki.ru,Genderfluid,61,82,$9.56,95,Vilhelmina
494,Maurene,Ivie,miviedp@bloglovin.com,Female,49,63,$6.76,31,Mogi das Cruzes
495,Annecorinne,Glassard,aglassarddq@tmall.com,Female,58,46,$1.58,24,Codó
496,Ardyth,Hulance,ahulancedr@google.pl,Female,18,38,$0.57,95,Cabeças Verdes
497,Wilhelmina,Brayfield,wbrayfieldds@cnn.com,Female,14,6,$8.25,22,Changshu City
498,Clarence,Harmant,charmantdt@google.com.br,Male,66,93,$7.97,53,Chybie
499,Torrie,Adenet,tadenetdu@umn.edu,Female,23,60,$3.99,94,Lebak Timur
500,Lucienne,Billitteri,lbillitteridv@tripadvisor.com,Female,87,30,$6.48,30,Thị Trấn Văn Quan
501,Skippie,Oliff,soliffdw@merriam-webster.com,Male,62,18,$0.04,79,Mvomero
502,Maryanna,Barton,mbartondx@thetimes.co.uk,Female,93,51,$9.84,12,Huitong
503,Randee,Addionizio,raddioniziody@irs.gov,Female,25,65,$9.36,38,Donghai
504,Micky,Camacho,mcamachodz@skyrock.com,Male,35,70,$2.44,68,Netanya
505,Gerianne,Philippault,gphilippaulte0@cpanel.net,Female,70,90,$1.19,32,Perfilovo
506,Hadleigh,Breazeall,hbreazealle1@liveinternet.ru,Male,37,29,$0.28,7,Campos
507,Kiley,Burgane,kburganee2@dailymail.co.uk,Male,58,45,$6.92,72,Głuchów
508,Amalea,Baudins,abaudinse3@wp.com,Female,52,40,$2.21,45,Kubangkondang
509,Kora,Pengelly,kpengellye4@zimbio.com,Female,23,2,$4.57,37,Rosso
510,Hadrian,Sitlinton,hsitlintone5@dailymotion.com,Male,59,93,$7.33,27,Shuangqiao
511,Tonya,Swigg,tswigge6@noaa.gov,Female,6,60,$2.78,100,Capela
512,Catina,Mellor,cmellore7@xrea.com,Female,88,85,$1.86,38,Santiago de Cuba
513,Melisent,Tilley,mtilleye8@blogger.com,Female,89,14,$9.96,1,El Porvenir
514,Arman,Gammade,agammadee9@usatoday.com,Male,91,93,$0.50,70,Kuznetsovs’k
515,Ignacio,Beddoes,ibeddoesea@cafepress.com,Male,43,65,$8.55,88,Capalonga
516,Andie,Lintall,alintalleb@symantec.com,Female,10,89,$7.36,44,Panunggangan
517,Margette,Cohrs,mcohrsec@delicious.com,Female,82,3,$7.61,6,Beauharnois
518,Morse,Constantinou,mconstantinoued@ovh.net,Male,72,4,$7.99,30,Hafnarfjörður
519,Roley,Melbury,rmelburyee@yellowpages.com,Male,45,21,$3.71,85,Wuci
520,Flora,Pitkin,fpitkinef@apple.com,Female,53,96,$2.40,86,Sulyukta
521,Nariko,Hagerty,nhagertyeg@wordpress.org,Female,67,90,$5.61,89,Huangtang
522,Analiese,Neubigin,aneubigineh@amazon.com,Genderqueer,4,26,$2.04,30,Fernando Gutierrez Barrios
523,Vevay,Caughan,vcaughanei@howstuffworks.com,Female,87,21,$6.65,34,Lixin
524,Jackquelin,Bulger,jbulgerej@pen.io,Female,64,21,$2.15,63,Wanurian
525,Aldin,Baylie,abaylieek@cornell.edu,Male,54,43,$7.08,11,Wendo
526,Irvine,Shackell,ishackellel@google.com.br,Male,8,99,$4.85,29,Dal’nerechensk
527,Rafe,Stieger,rstiegerem@icq.com,Male,27,10,$9.36,23,Baojia
528,Marieann,Chieco,mchiecoen@marketwatch.com,Female,62,91,$8.72,83,Casa Nova
529,Laurens,Manby,lmanbyeo@cmu.edu,Male,35,35,$1.50,89,Votorantim
530,Emmanuel,Kimblen,ekimblenep@scribd.com,Male,76,69,$5.92,79,Santa Rosa
531,Terrijo,Duester,tduestereq@i2i.jp,Female,79,59,$7.18,56,Puerto Rico
532,Fonz,Freake,ffreakeer@devhub.com,Male,66,30,$0.76,36,Kyrylivka
533,Mahmud,Butt,mbuttes@tumblr.com,Male,84,17,$3.23,29,Midland
534,Guntar,Van den Dael,gvandendaelet@dyndns.org,Genderfluid,80,1,$6.96,17,Chervonopartyzans’k
535,Dud,Dobrowolny,ddobrowolnyeu@netlog.com,Male,88,42,$4.75,55,Sladna
536,Barbette,McRobb,bmcrobbev@wikimedia.org,Female,80,1,$5.50,40,Huanan
537,Rudiger,Dougary,rdougaryew@vimeo.com,Male,72,37,$3.98,31,Sabaneta
538,Sam,Sambeck,ssambeckex@photobucket.com,Female,40,52,$2.80,20,Bogra
539,Emlynne,Comini,ecominiey@sakura.ne.jp,Female,12,99,$3.93,42,Sidi Amar
540,Gwennie,Scantleberry,gscantleberryez@list-manage.com,Genderfluid,95,52,$4.10,22,San Antonio
541,Carolan,Bernardot,cbernardotf0@dedecms.com,Female,76,43,$0.79,61,Torino
542,Melamie,Nevinson,mnevinsonf1@reuters.com,Bigender,39,35,$0.50,39,Makiwalo
543,Selle,Gait,sgaitf2@nature.com,Female,27,68,$8.77,42,Rivera
544,Paulo,Wishkar,pwishkarf3@smugmug.com,Male,83,21,$1.72,55,Bačka Topola
545,Stafani,Phelp,sphelpf4@live.com,Female,85,43,$0.14,87,Sekirnik
546,Rory,Zanetello,rzanetellof5@earthlink.net,Male,31,22,$1.32,1,Jayanca
547,Catie,Tackle,ctacklef6@infoseek.co.jp,Female,52,39,$2.40,78,Cancas
548,Elroy,Clampett,eclampettf7@youtu.be,Male,64,99,$3.36,96,Niamey
549,Innis,Ogilvie,iogilvief8@github.com,Male,53,51,$9.33,42,Chichigalpa
550,Cele,Wieprecht,cwieprechtf9@cmu.edu,Female,12,75,$6.05,48,Manaus
551,Thorpe,Stittle,tstittlefa@fda.gov,Male,40,39,$9.06,61,Yanfolila
552,Ancell,Skermer,askermerfb@fotki.com,Male,24,48,$2.16,56,Carvalhal
553,Pinchas,Tate,ptatefc@discovery.com,Male,49,12,$8.99,46,Xijiao
554,Berke,Boraston,bborastonfd@prweb.com,Male,63,43,$1.73,91,Cacocum
555,Yale,Wyldbore,ywyldborefe@over-blog.com,Male,87,32,$4.48,12,Dazhigu
556,Hubie,Griswaite,hgriswaiteff@woothemes.com,Male,88,75,$1.32,36,Maple Plain
557,Marshal,Robken,mrobkenfg@tmall.com,Male,69,30,$5.24,48,Łanięta
558,Bobina,Raulin,braulinfh@chron.com,Female,80,30,$8.21,63,Plast
559,Jeromy,Kiddle,jkiddlefi@opera.com,Male,6,82,$6.04,71,Ccuntuma
560,Dory,Blunden,dblundenfj@hhs.gov,Male,58,48,$5.63,34,Anápolis
561,Jarid,Muge,jmugefk@illinois.edu,Male,22,91,$4.74,33,Butel
562,Mortie,Mullord,mmullordfl@godaddy.com,Male,2,97,$1.35,12,Dębno
563,Aron,Jiranek,ajiranekfm@walmart.com,Male,40,65,$2.41,81,Végueta
564,Glenn,Simonetti,gsimonettifn@smugmug.com,Non-binary,65,57,$1.90,62,Ozherel’ye
565,Jonis,Smalman,jsmalmanfo@weather.com,Female,51,71,$3.77,76,Kamo
566,Del,Spiaggia,dspiaggiafp@lulu.com,Male,91,41,$6.94,60,Huibu
567,Tanner,Alabone,talabonefq@hp.com,Male,28,1,$3.57,41,Bilo
568,Reagan,Hammand,rhammandfr@oakley.com,Male,38,63,$3.69,87,Putre
569,Yorke,Eliot,yeliotfs@twitter.com,Male,14,23,$3.85,29,Täby
570,Carmel,Lemmen,clemmenft@uol.com.br,Female,94,7,$3.50,96,Baryshivka
571,Holmes,Swansborough,hswansboroughfu@wiley.com,Male,27,100,$1.04,9,Yixi
572,Hugh,Wadie,hwadiefv@omniture.com,Male,51,74,$7.43,68,Dasongshu
573,Mill,Galer,mgalerfw@typepad.com,Male,83,2,$2.58,94,Zuogaiduoma
574,Mord,Seals,msealsfx@diigo.com,Male,55,100,$3.08,5,Wenshui
575,Marion,Treamayne,mtreamaynefy@sogou.com,Female,26,14,$1.52,27,Sarnów
576,Marc,Hurrion,mhurrionfz@guardian.co.uk,Male,47,63,$3.01,21,Uman’
577,Dalt,Averies,daveriesg0@bluehost.com,Male,30,72,$5.98,37,Boise
578,Wenonah,Bramford,wbramfordg1@nsw.gov.au,Female,87,76,$6.01,94,San Antonio
579,Candide,Simonin,csimoning2@youku.com,Female,9,28,$1.87,58,Sankt Lorenzen im Mürztal
580,Erek,Kearsley,ekearsleyg3@nasa.gov,Male,9,4,$8.82,66,Casa Nova
581,Pamelina,Bollis,pbollisg4@hugedomains.com,Female,1,52,$0.30,94,Batumi
582,Max,Wingham,mwinghamg5@com.com,Male,32,47,$4.95,82,Куклиш
583,Maritsa,Ladley,mladleyg6@fotki.com,Female,56,84,$9.97,91,Ketapang
584,Nerty,Wenham,nwenhamg7@microsoft.com,Female,75,7,$4.20,22,Banjar Gunungpande
585,Leese,Fettes,lfettesg8@techcrunch.com,Female,85,45,$9.40,65,Desakolot
586,Kalle,Greatorex,kgreatorexg9@apple.com,Male,31,99,$9.00,28,Lianhua
587,Hussein,Bellay,hbellayga@google.ru,Agender,83,22,$9.49,80,Bennäs
588,Vernor,Worthing,vworthinggb@liveinternet.ru,Male,95,64,$7.61,72,Shimonoseki
589,Ilysa,Stirzaker,istirzakergc@free.fr,Female,17,57,$9.79,54,Herálec
590,Suki,Tethcote,stethcotegd@sun.com,Female,84,57,$2.79,33,Chợ Mới
591,Radcliffe,Lello,rlelloge@list-manage.com,Male,85,38,$5.16,45,Qiligang
592,Dina,Spens,dspensgf@cbc.ca,Female,71,23,$7.52,36,Babakanloa
593,Barbie,Wandless,bwandlessgg@ezinearticles.com,Female,56,35,$1.69,47,Penang
594,Raynor,Cleife,rcleifegh@dropbox.com,Male,97,81,$6.75,57,Roma
595,Ryon,Kneesha,rkneeshagi@qq.com,Male,62,35,$0.57,64,Qal‘ah-ye Fārsī
596,Nedda,Kingswell,nkingswellgj@histats.com,Female,87,95,$1.64,34,Manjing
597,Reece,Pacitti,rpacittigk@jalbum.net,Male,11,30,$2.70,25,Pásion
598,Kerrin,Mardell,kmardellgl@nih.gov,Female,42,57,$8.42,79,Qitai
599,Atalanta,Haseley,ahaseleygm@weather.com,Female,76,4,$3.48,56,Pushkin
600,Cory,Mathivet,cmathivetgn@odnoklassniki.ru,Female,54,46,$9.25,55,Cibungur
601,Tate,Maundrell,tmaundrellgo@google.co.uk,Male,24,28,$2.86,92,Tadou
602,Arlan,Blood,abloodgp@yellowbook.com,Male,84,47,$3.10,84,Marugame
603,Cristie,Lound,cloundgq@soup.io,Female,86,52,$3.05,56,Tundagan
604,Roxanna,Bainbridge,rbainbridgegr@google.it,Female,7,39,$7.44,66,Kadujajar
605,Dagny,Shippard,dshippardgs@blogtalkradio.com,Male,16,90,$9.04,15,Loei
606,Gerianna,Petrelluzzi,gpetrelluzzigt@telegraph.co.uk,Female,54,78,$7.88,92,Saatlı
607,Marcella,Mesnard,mmesnardgu@yelp.com,Female,70,98,$9.21,63,Santiago do Cacém
608,Valencia,Shelford,vshelfordgv@zdnet.com,Female,15,9,$4.47,16,Strizhi
609,Kip,Jolly,kjollygw@abc.net.au,Male,47,3,$7.66,7,Alcainça
610,Ashly,Lambarth,alambarthgx@fema.gov,Female,93,79,$2.27,92,Pom Prap Sattru Phai
611,Lorene,Skellington,lskellingtongy@seesaa.net,Female,71,7,$5.56,58,Tashang
612,Alaster,Camplejohn,acamplejohngz@mlb.com,Male,2,65,$3.96,73,Juan N Alvarez
613,Rollins,Dawe,rdaweh0@google.com.hk,Male,49,46,$0.69,51,Josefův Důl
614,Marlena,Botterman,mbottermanh1@homestead.com,Female,4,33,$4.39,73,Talospatang
615,Gilli,Crampsey,gcrampseyh2@fc2.com,Female,55,42,$4.41,56,Huancheng
616,Salaidh,Viger,svigerh3@ebay.co.uk,Female,18,30,$9.22,23,General Enrique Mosconi
617,Nero,Euston,neustonh4@spiegel.de,Male,65,3,$7.02,56,Örebro
618,Starr,Necrews,snecrewsh5@symantec.com,Female,21,87,$7.25,76,Rosario de Lerma
619,Germana,Mattea,gmatteah6@google.nl,Female,86,29,$4.63,65,Sanhe
620,Hali,Mathelin,hmathelinh7@hostgator.com,Female,82,45,$2.83,89,Binucayan
621,Sharlene,Fusedale,sfusedaleh8@fda.gov,Female,52,86,$7.14,50,Belfast
622,Dennet,Bradden,dbraddenh9@shinystat.com,Male,85,30,$1.95,59,Saravia
623,Zerk,Perelli,zperelliha@thetimes.co.uk,Male,30,12,$0.03,92,Walakeri
624,Salvatore,Izachik,sizachikhb@sbwire.com,Male,39,45,$4.40,84,Nanxi
625,Kingston,Meharry,kmeharryhc@imdb.com,Male,19,8,$4.72,76,Imotski
626,Sheila-kathryn,Irvine,sirvinehd@theguardian.com,Female,23,68,$4.40,97,Lyudinovo
627,Raynor,Mustard,rmustardhe@rambler.ru,Male,57,22,$3.32,10,Västerås
628,Matilda,Mainwaring,mmainwaringhf@mtv.com,Female,84,16,$8.43,58,Huangsangkou
629,Del,Hassett,dhassetthg@lycos.com,Female,80,32,$1.52,27,Tamansari
630,Britte,Mangeot,bmangeothh@ustream.tv,Female,14,57,$9.38,60,Mander
631,Kaia,Penrice,kpenricehi@taobao.com,Female,9,24,$1.76,100,Chang Klang
632,Jarrod,Keyzman,jkeyzmanhj@dyndns.org,Male,40,14,$8.37,30,Raymond
633,Dominic,Cheer,dcheerhk@com.com,Male,26,30,$2.03,28,Charlemagne
634,Bil,Milburne,bmilburnehl@businessweek.com,Male,15,98,$6.96,21,Zhangzhishan
635,Lonna,Seeney,lseeneyhm@ow.ly,Female,82,36,$3.13,95,Huansheng
636,Kristien,Potteridge,kpotteridgehn@usatoday.com,Agender,92,93,$1.69,20,Tierp
637,Tressa,MacAulay,tmacaulayho@ehow.com,Female,80,58,$3.35,77,Barapas
638,Yvon,Arnaudin,yarnaudinhp@cam.ac.uk,Male,53,74,$6.32,25,Zakupne
639,Natasha,Heber,nheberhq@sitemeter.com,Female,87,51,$8.65,80,Jiuguan
640,Maureene,Gyorgy,mgyorgyhr@imageshack.us,Female,40,47,$1.59,95,Charleston
641,Fancie,Temperley,ftemperleyhs@domainmarket.com,Female,8,26,$8.52,76,Ping’an
642,Lacey,Adamsson,ladamssonht@nifty.com,Female,11,94,$2.72,83,Mikulintsy
643,Crissy,Nund,cnundhu@mapy.cz,Female,86,10,$4.21,79,Dabagou
644,Rhodie,Bhatia,rbhatiahv@thetimes.co.uk,Genderqueer,27,43,$7.66,60,San Kamphaeng
645,Shalne,Wooff,swooffhw@icq.com,Female,58,9,$9.56,64,Xibu
646,Gwynne,Gait,ggaithx@wikia.com,Female,73,44,$4.87,63,Krajan Jabungcandi
647,Linet,Pettyfer,lpettyferhy@eepurl.com,Female,14,2,$7.30,16,Santa Marta de Penaguião
648,Shelley,Jaggard,sjaggardhz@abc.net.au,Male,34,64,$0.60,87,Borovskoy
649,Brien,Berka,bberkai0@seesaa.net,Male,9,5,$8.12,64,Puno
650,Leela,Clappison,lclappisoni1@archive.org,Female,70,29,$4.52,97,Shkurinskaya
651,Roarke,Burnep,rburnepi2@oaic.gov.au,Male,100,46,$4.58,6,Candelaria
652,Chris,Gantzer,cgantzeri3@go.com,Male,84,45,$0.87,14,Berdyans’k
653,Welsh,Shilton,wshiltoni4@sciencedaily.com,Male,89,68,$9.91,91,Paris 18
654,Tabbitha,Grigoryov,tgrigoryovi5@businessweek.com,Female,78,44,$5.05,24,Sinop
655,Kalle,Staneland,kstanelandi6@weebly.com,Male,29,35,$4.13,92,Mutangyuan
656,Erminia,Baudi,ebaudii7@zdnet.com,Female,62,81,$6.52,75,Ural
657,Rutter,Jeavon,rjeavoni8@tinypic.com,Male,71,8,$6.06,63,Azteca
658,Regen,Todaro,rtodaroi9@macromedia.com,Male,95,20,$2.76,42,Ḩātim
659,Webb,Dunaway,wdunawayia@twitpic.com,Male,11,11,$1.85,58,Annecy-le-Vieux
660,Maybelle,Handscombe,mhandscombeib@state.tx.us,Female,59,90,$0.05,79,Norton
661,Jdavie,Isaksson,jisakssonic@weather.com,Non-binary,25,71,$2.72,95,Soufrière
662,Hermia,Simononsky,hsimononskyid@sourceforge.net,Female,55,80,$4.48,5,Ōmiya
663,Siouxie,Porson,sporsonie@plala.or.jp,Female,77,21,$6.24,15,Beizhakou
664,Charmine,Radcliffe,cradcliffeif@boston.com,Female,74,9,$2.10,15,Kivertsi
665,Vin,Bulger,vbulgerig@exblog.jp,Male,50,82,$9.50,95,Windsor
666,Chancey,Cino,ccinoih@purevolume.com,Male,59,2,$4.03,8,Petrópolis
667,Aymer,Clapton,aclaptonii@java.com,Male,57,89,$1.22,8,Semalang
668,Margery,Redgrave,mredgraveij@epa.gov,Female,18,64,$2.58,49,Meudon
669,Krystyna,Acott,kacottik@psu.edu,Female,64,57,$7.08,68,Beishan
670,Nanny,Gilfillan,ngilfillanil@utexas.edu,Female,69,89,$1.59,91,Wenquan
671,Andonis,Blakebrough,ablakebroughim@virginia.edu,Male,21,15,$8.70,57,Houping
672,Alexandra,Lemonby,alemonbyin@nba.com,Female,88,42,$6.42,69,Vykhino-Zhulebino
673,Dorise,Wastell,dwastellio@spotify.com,Female,83,5,$2.60,17,Guanyang
674,Jerrine,Flaubert,jflaubertip@miitbeian.gov.cn,Female,70,27,$1.61,71,Jipijapa
675,Aryn,Pales,apalesiq@360.cn,Female,40,51,$1.63,62,Tonantins
676,Ellie,Jobe,ejobeir@toplist.cz,Female,21,33,$0.81,100,Koronowo
677,Rudy,Tunny,rtunnyis@youku.com,Male,90,49,$2.19,37,Dhamār
678,Yancey,McCutcheon,ymccutcheonit@studiopress.com,Male,82,19,$9.33,48,Divjakë
679,Claudetta,Stroder,cstroderiu@vinaora.com,Female,70,7,$3.27,50,Takum
680,Brok,Firmage,bfirmageiv@bloglines.com,Male,76,70,$8.74,47,Străşeni
681,Lynea,Hansen,lhanseniw@buzzfeed.com,Female,53,10,$2.09,35,Banawang
682,Meris,Bartell,mbartellix@yellowpages.com,Female,38,91,$4.26,15,Hengshanqiao
683,Sena,Woonton,swoontoniy@dagondesign.com,Female,31,28,$5.18,34,Sansanné-Mango
684,Avram,Brockbank,abrockbankiz@deliciousdays.com,Male,1,23,$9.00,76,Corredoura
685,Merwyn,Cometti,mcomettij0@uol.com.br,Non-binary,8,22,$4.60,2,Panoongan
686,Brucie,Uglow,buglowj1@wunderground.com,Male,98,15,$7.38,78,Toutuo
687,Elane,Mattingly,emattinglyj2@amazonaws.com,Female,34,81,$0.68,59,Chowki Jamali
688,Hadria,Delwater,hdelwaterj3@paginegialle.it,Female,68,35,$7.24,37,Nakhon Chai Si
689,Court,Watkin,cwatkinj4@cdc.gov,Male,30,95,$4.03,73,Maria Aurora
690,Eadmund,Pevsner,epevsnerj5@tripadvisor.com,Male,85,10,$1.86,14,Sumberrojokrajan
691,Steve,Wiburn,swiburnj6@cbsnews.com,Male,80,15,$5.49,57,Huangling
692,Devan,Lampen,dlampenj7@topsy.com,Female,92,82,$9.47,21,Torre
693,Erika,Ferrier,eferrierj8@nifty.com,Agender,3,62,$3.47,5,Petrovsk
694,Rene,Krabbe,rkrabbej9@phoca.cz,Male,1,37,$7.56,85,Niquelândia
695,Humfried,Matthews,hmatthewsja@typepad.com,Male,57,53,$5.06,61,Bayt Qād
696,Cassondra,Bleiman,cbleimanjb@ning.com,Female,92,100,$6.62,82,Senangkhanikhom
697,Glynnis,Moncaster,gmoncasterjc@gravatar.com,Bigender,56,60,$0.29,14,Glencoe
698,Chucho,Peak,cpeakjd@dedecms.com,Polygender,81,38,$7.79,61,Bourgoin-Jallieu
699,Melantha,Lant,mlantje@reverbnation.com,Female,53,4,$8.58,30,Pysznica
700,Kaja,Culleton,kculletonjf@freewebs.com,Female,83,89,$8.14,67,Novi Kneževac
701,Sidonia,Bleything,sbleythingjg@apple.com,Female,71,72,$9.20,48,Babakanbungur
702,Ermengarde,Boise,eboisejh@guardian.co.uk,Female,37,52,$9.52,45,Santiago Vázquez
703,Rodd,McKnish,rmcknishji@tamu.edu,Male,64,66,$0.19,30,Mayahi
704,Anson,Rumgay,arumgayjj@edublogs.org,Male,56,76,$8.31,9,Bełsznica
705,Standford,Dransfield,sdransfieldjk@princeton.edu,Male,31,60,$7.44,42,Sumenep
706,Worthington,Bath,wbathjl@yellowbook.com,Male,7,94,$6.93,96,Gaofeng
707,Rhiamon,Forbes,rforbesjm@psu.edu,Female,98,12,$3.46,56,Leńcze
708,Wes,Orriss,worrissjn@multiply.com,Male,34,31,$2.70,41,São Julião do Tojal
709,Nadeen,Tytler,ntytlerjo@vinaora.com,Female,23,76,$2.28,53,Yovon
710,Sheilakathryn,Pettersen,spettersenjp@imdb.com,Female,19,6,$9.39,69,Bilozerka
711,Nicholas,Saffin,nsaffinjq@skyrock.com,Male,54,87,$8.40,10,Krasnyy Klyuch
712,Stormy,Gooch,sgoochjr@wikia.com,Polygender,91,64,$3.53,83,Zhangjiapan
713,Demott,Tyson,dtysonjs@unesco.org,Male,55,54,$6.91,36,Shangshaleng
714,Priscilla,Raeburn,praeburnjt@technorati.com,Female,82,81,$0.35,17,Winong
715,Val,Silverson,vsilversonju@go.com,Female,85,94,$3.12,33,Dongjia
716,Avivah,Cust,acustjv@reddit.com,Female,27,96,$3.36,96,Jatiraya
717,Granville,Hallgath,ghallgathjw@timesonline.co.uk,Male,87,78,$3.03,16,Paris 13
718,Lisetta,Brewis,lbrewisjx@canalblog.com,Female,65,60,$3.27,100,Karlshamn
719,Clovis,Mawford,cmawfordjy@addthis.com,Female,8,27,$1.02,31,New Washington
720,Thorvald,Bussel,tbusseljz@amazon.co.jp,Male,25,39,$0.71,4,Arroio Grande
721,Yvor,Empringham,yempringhamk0@twitter.com,Male,47,80,$3.57,34,Dengzhou
722,Vernon,Shynn,vshynnk1@cbslocal.com,Male,70,52,$3.13,21,Piggs Peak
723,Talbot,Campling,tcamplingk2@blogger.com,Genderqueer,50,53,$7.81,79,Hengxizhen
724,Barbe,Giuron,bgiuronk3@wisc.edu,Female,66,71,$0.21,13,Liancheng
725,Harper,Adolfsen,hadolfsenk4@163.com,Male,4,35,$5.74,86,Nyamanari
726,Helaina,Bradbeer,hbradbeerk5@cbsnews.com,Female,38,37,$8.79,68,Lalagsan
727,Nikita,Watchorn,nwatchornk6@nba.com,Non-binary,98,90,$6.07,96,Longbo
728,Manolo,Langmead,mlangmeadk7@ycombinator.com,Male,53,17,$7.45,85,Kanshi
729,Skye,Orhrt,sorhrtk8@4shared.com,Male,32,22,$9.79,39,Sambirata
730,Charlie,Sammut,csammutk9@comcast.net,Male,15,54,$1.83,61,Cileunyi
731,Rollie,Thirsk,rthirskka@deviantart.com,Male,58,83,$5.21,48,Chengjiao
732,Fitzgerald,Seathwright,fseathwrightkb@ezinearticles.com,Polygender,38,74,$3.97,86,Ngluwuk
733,Myrle,Warby,mwarbykc@alexa.com,Female,51,52,$0.57,71,Ārifwāla
734,Ryley,Bromont,rbromontkd@ask.com,Male,84,14,$7.05,46,Fucha
735,Anders,Vasiliu,avasiliuke@illinois.edu,Male,43,2,$6.46,71,Mgandu
736,Elisabet,Johnson,ejohnsonkf@foxnews.com,Female,2,28,$1.63,39,La Reforma
737,Diannne,Iacovuzzi,diacovuzzikg@linkedin.com,Female,36,50,$0.52,53,Norsborg
738,Kinnie,Duthie,kduthiekh@un.org,Male,58,85,$6.84,51,Xinhua
739,Matilda,Chuck,mchuckki@usgs.gov,Female,6,97,$4.29,92,Xia Zanggor
740,Reinhold,Noot,rnootkj@163.com,Male,58,32,$1.48,43,Sanzao
741,Karna,Meins,kmeinskk@mapquest.com,Female,56,49,$2.66,23,Nizhneivkino
742,Elijah,Iddison,eiddisonkl@latimes.com,Male,90,89,$7.45,23,Miliangju
743,Paul,Balden,pbaldenkm@feedburner.com,Genderqueer,27,73,$7.36,35,Lalig
744,Isacco,Fealey,ifealeykn@cnn.com,Male,91,39,$0.88,6,Wanbu
745,Gilles,Windram,gwindramko@printfriendly.com,Male,52,38,$2.85,59,Krasnoshchekovo
746,Rand,Townes,rtowneskp@usgs.gov,Male,92,29,$8.97,81,Morávka
747,Erich,Gurnay,egurnaykq@salon.com,Male,38,98,$0.89,67,Tsalka
748,Neron,Stoad,nstoadkr@newsvine.com,Male,94,30,$0.89,16,Padangtiji
749,Thaddus,Sallows,tsallowsks@360.cn,Male,56,54,$7.84,86,Frederiksberg
750,Jammal,Duncombe,jduncombekt@cbsnews.com,Male,62,73,$3.85,30,Sterlibashevo
751,Gasparo,Vanyard,gvanyardku@census.gov,Male,79,99,$6.28,91,Meizhuang
752,Reinhard,Twede,rtwedekv@sitemeter.com,Male,24,78,$7.31,17,Haixing
753,Maximo,FitzGibbon,mfitzgibbonkw@baidu.com,Male,96,15,$6.43,26,Dalsjöfors
754,Corrine,Klesel,ckleselkx@storify.com,Female,20,34,$6.49,4,Yihe
755,Darelle,Hawken,dhawkenky@prlog.org,Female,32,30,$1.20,16,Khāndbāri
756,Valery,Manser,vmanserkz@behance.net,Female,28,86,$1.09,35,Sangallaya
757,Max,Rathbourne,mrathbournel0@w3.org,Male,63,100,$6.13,100,Utkivka
758,Sophronia,Newark,snewarkl1@slate.com,Female,82,17,$7.64,70,Ibabang Tayuman
759,Zsa zsa,Ely,zelyl2@plala.or.jp,Female,7,59,$1.03,18,Midlands
760,Foster,Berthouloume,fberthouloumel3@google.com.br,Male,84,77,$8.26,42,Nailung
761,Hartley,Theodoris,htheodorisl4@360.cn,Male,82,62,$2.67,77,Rungis
762,Freeman,Shinefield,fshinefieldl5@1688.com,Male,91,16,$0.70,91,Cicuco
763,Becki,Lober,bloberl6@macromedia.com,Genderqueer,6,16,$1.26,99,Giồng Trôm
764,Arlin,Hamor,ahamorl7@utexas.edu,Male,7,47,$8.49,40,Belén de Umbría
765,Daron,Hollingsby,dhollingsbyl8@imgur.com,Female,10,42,$4.86,54,Lyon
766,Meghann,Parkinson,mparkinsonl9@1688.com,Female,54,30,$8.66,14,Layo
767,Valeria,Hrinchishin,vhrinchishinla@typepad.com,Female,16,42,$0.13,4,Zgornje Jezersko
768,Ramonda,Leschelle,rleschellelb@ucoz.com,Female,95,68,$3.99,68,Teófilo Otoni
769,Cristal,Brownlea,cbrownlealc@blogger.com,Female,40,3,$0.14,70,Novovarshavka
770,Tildi,Purkis,tpurkisld@arizona.edu,Female,32,67,$3.66,11,Longshan
771,Jordan,de'-Ancy Willis,jdeancywillisle@oakley.com,Male,85,51,$0.57,45,Uva
772,Elbert,Jasper,ejasperlf@cornell.edu,Male,88,14,$3.90,46,Kamennogorsk
773,Atalanta,Deporte,adeportelg@posterous.com,Female,84,83,$3.28,37,Zhangqing
774,Aldous,Scholl,ascholllh@ed.gov,Male,60,43,$5.74,17,Garhi Yāsīn
775,Perry,Gilkison,pgilkisonli@bbc.co.uk,Female,45,32,$7.55,19,Paombong
776,Dexter,Dyball,ddyballlj@indiatimes.com,Male,27,58,$7.70,7,Piñahan
777,Derward,Jedrzejewicz,djedrzejewiczlk@de.vu,Male,24,76,$1.33,3,Cilongkrangpusaka
778,Fionnula,Baigrie,fbaigriell@altervista.org,Female,10,100,$3.78,99,Anling
779,Del,Lebell,dlebelllm@utexas.edu,Genderfluid,43,15,$5.04,66,Xiwei
780,Sianna,Minerdo,sminerdoln@fema.gov,Female,85,11,$3.20,31,Lanús
781,Missy,Sein,mseinlo@jugem.jp,Female,42,97,$2.52,95,Muara Siberut
782,Willem,Cuxson,wcuxsonlp@weebly.com,Male,57,37,$1.02,4,Yokosuka
783,Skipp,Ducker,sduckerlq@msu.edu,Genderqueer,97,48,$7.33,70,Ostrowsko
784,Bertha,McSperrin,bmcsperrinlr@chron.com,Female,74,56,$0.29,55,Zhengcun
785,Abby,Petheridge,apetheridgels@booking.com,Polygender,27,30,$0.75,29,Las Trojes
786,Ashbey,Macartney,amacartneylt@narod.ru,Male,12,17,$4.50,26,Changjiangbu
787,Elsie,MacGinlay,emacginlaylu@arizona.edu,Genderfluid,12,23,$7.93,99,Hengliang
788,Chantal,Hinstock,chinstocklv@google.cn,Female,26,5,$5.88,52,Xiliguantun
789,Cordy,Pencot,cpencotlw@google.it,Female,6,48,$8.00,99,Tanabe
790,Mahala,Witterick,mwittericklx@marriott.com,Agender,49,25,$4.11,6,Valuyki
791,Lydie,Jarmain,ljarmainly@myspace.com,Female,64,85,$5.00,66,San Vicente
792,Carl,Vauls,cvaulslz@liveinternet.ru,Male,44,6,$2.35,55,Koronadal
793,Hewe,Harring,hharringm0@desdev.cn,Male,73,42,$2.36,92,Cuilco
794,Inna,Heart,iheartm1@rediff.com,Female,26,2,$0.59,25,Ejmiatsin
795,Luca,Crease,lcreasem2@dailymotion.com,Male,29,69,$0.38,31,Changqiao
796,Sully,Horley,shorleym3@topsy.com,Male,89,65,$2.17,93,Kariat Arkmane
797,Gaspard,Kleeborn,gkleebornm4@columbia.edu,Male,16,46,$7.03,95,Nesovice
798,Jilli,Wanklyn,jwanklynm5@jigsy.com,Female,92,71,$9.48,58,Malitbog
799,Katinka,Gally,kgallym6@squidoo.com,Female,57,14,$4.89,87,Aromashevo
800,Danit,Simms,dsimmsm7@bandcamp.com,Female,10,67,$7.57,92,Beiling
801,Evelyn,Patching,epatchingm8@blinklist.com,Female,89,99,$7.06,66,Weixin
802,Cletus,Faux,cfauxm9@bbb.org,Male,65,71,$6.27,92,Jinghai
803,Jenda,O'Scully,joscullyma@google.ru,Female,95,51,$9.64,29,Acharnés
804,Melosa,Henworth,mhenworthmb@cnn.com,Female,43,17,$6.60,75,Dhahab
805,Dodi,Gwin,dgwinmc@gnu.org,Female,50,63,$6.24,9,Axioúpoli
806,Joela,Ragbourne,jragbournemd@networkadvertising.org,Female,30,4,$8.34,31,Arvika
807,Ryan,Wharlton,rwharltonme@posterous.com,Male,23,10,$9.13,53,Shabqadar
808,Randal,Hassett,rhassettmf@house.gov,Male,86,72,$4.24,80,Shixiang
809,Berry,Gunson,bgunsonmg@vistaprint.com,Female,85,45,$1.55,20,Roche-à-Bateau
810,Guglielma,Coenraets,gcoenraetsmh@goodreads.com,Female,62,79,$9.95,69,San José de Mayo
811,Agretha,Doulden,adouldenmi@clickbank.net,Female,63,39,$8.80,19,Babakantugu
812,Lorne,Straker,lstrakermj@tinypic.com,Male,60,88,$2.75,94,Ermelo
813,Toinette,Sahnow,tsahnowmk@joomla.org,Female,67,89,$0.01,21,Longonjo
814,Cyrus,Chipchase,cchipchaseml@ted.com,Male,38,55,$8.92,12,Mashizhai
815,Cybill,Ganter,cgantermm@princeton.edu,Female,80,86,$1.36,61,La Gloria
816,Don,Alven,dalvenmn@blogtalkradio.com,Male,89,78,$4.49,48,Gradishtë
817,Torie,Pydcock,tpydcockmo@linkedin.com,Female,97,70,$7.75,29,Seabra
818,Clayson,Meechan,cmeechanmp@flickr.com,Male,94,1,$7.08,89,Kedungkrajan
819,Aile,Emsley,aemsleymq@guardian.co.uk,Female,72,93,$5.19,24,Pandi
820,Meaghan,Bernot,mbernotmr@fema.gov,Female,31,12,$7.17,74,Vannes
821,Amos,Heal,ahealms@microsoft.com,Male,78,63,$9.87,76,Agbannawag
822,Esteban,Quilkin,equilkinmt@gnu.org,Male,52,50,$3.22,54,Sardasht
823,Judith,Issitt,jissittmu@icio.us,Female,84,54,$5.02,79,Hai’an
824,Portia,Mabbett,pmabbettmv@nasa.gov,Female,84,30,$7.63,49,Rîşcani
825,Dede,Caltun,dcaltunmw@senate.gov,Female,20,45,$3.40,34,Gang
826,Latashia,Timperley,ltimperleymx@wisc.edu,Female,59,29,$9.19,31,Keputran
827,Carleton,Cuthbert,ccuthbertmy@amazon.co.jp,Male,87,65,$9.14,7,Dedza
828,Justin,Baynam,jbaynammz@ow.ly,Male,50,50,$1.80,67,Shinjō
829,Elsbeth,Pelchat,epelchatn0@cmu.edu,Female,99,93,$1.13,96,Kedungwaru
830,Shurlocke,Swales,sswalesn1@istockphoto.com,Male,26,8,$0.76,71,Żółkiewka
831,Corty,Viccars,cviccarsn2@imageshack.us,Male,2,58,$9.04,18,Sanxi
832,Trey,Comiam,tcomiamn3@aol.com,Male,94,84,$9.39,6,Zhongying
833,Byron,Spinney,bspinneyn4@latimes.com,Male,48,94,$2.28,22,Kauditan
834,Jerome,Huggard,jhuggardn5@netscape.com,Male,28,7,$3.18,10,Xiaopu
835,Tobit,Swale,tswalen6@mit.edu,Male,46,25,$5.54,88,Wąwolnica
836,Allie,Spehr,aspehrn7@barnesandnoble.com,Genderqueer,52,72,$3.88,5,Lyalichi
837,Chaim,Libri,clibrin8@twitter.com,Male,12,63,$3.20,72,Drochia
838,Lise,Lamanby,llamanbyn9@prlog.org,Female,3,53,$7.08,23,Zuogaimanma
839,Johna,Chatainier,jchatainierna@senate.gov,Agender,76,69,$8.29,62,San Nicolas
840,Ky,Alesio,kalesionb@cafepress.com,Male,84,14,$7.06,96,Québec
841,Cris,Prattington,cprattingtonnc@hostgator.com,Male,81,11,$2.59,16,Fenghuo
842,Kass,Hindge,khindgend@chron.com,Female,63,98,$5.54,26,Baculin
843,Daron,Attwood,dattwoodne@ox.ac.uk,Male,77,63,$1.85,95,Lhuentse
844,Dorthea,Woolhouse,dwoolhousenf@reference.com,Female,23,53,$7.16,31,Bromma
845,Karlee,Donan,kdonanng@plala.or.jp,Female,83,80,$9.23,9,Kabinda
846,Elysia,Hammerman,ehammermannh@boston.com,Female,46,53,$7.88,68,Kopang Satu
847,Fidelia,Margery,fmargeryni@npr.org,Female,37,66,$5.91,20,Bongsri
848,Timmie,Dowey,tdoweynj@dot.gov,Male,53,49,$0.62,38,Nguru
849,Alexandr,Ridout,aridoutnk@liveinternet.ru,Genderqueer,11,88,$1.27,74,Tanjay
850,Letitia,Jaques,ljaquesnl@google.it,Female,81,53,$7.01,1,Kiruru
851,Euell,Chetwind,echetwindnm@unblog.fr,Male,44,98,$8.75,83,Sumbersari Wetan
852,Kailey,Matthews,kmatthewsnn@list-manage.com,Female,73,94,$2.84,13,Sumilao
853,Hercule,Twiddy,htwiddyno@shutterfly.com,Male,71,68,$5.48,43,Aricapampa
854,Elsa,Harrema,eharremanp@devhub.com,Female,49,98,$0.47,22,Hanggan
855,Karlotta,Legerton,klegertonnq@google.es,Female,44,63,$4.57,95,Fengshan
856,Justin,Phin,jphinnr@over-blog.com,Male,90,98,$0.68,75,Ulricehamn
857,Noach,Wainwright,nwainwrightns@addthis.com,Male,57,67,$2.85,89,Uyskoye
858,Deanna,Wagg,dwaggnt@businesswire.com,Genderqueer,36,85,$9.46,18,Qarqaraly
859,Glad,Gosford,ggosfordnu@intel.com,Female,20,10,$0.07,99,Bailingnao
860,Clywd,Klaussen,cklaussennv@blinklist.com,Male,92,84,$3.00,79,Chenggang
861,Nerissa,Meaking,nmeakingnw@chron.com,Female,90,23,$9.88,77,Burirao
862,Rozanna,Sayle,rsaylenx@51.la,Female,30,44,$6.13,42,Psebay
863,Gustaf,Trevaskus,gtrevaskusny@ow.ly,Male,60,81,$8.04,1,Guicheng
864,Flinn,McLoney,fmcloneynz@nifty.com,Non-binary,41,69,$4.14,62,Banqiao
865,Ernaline,Louiset,elouiseto0@1und1.de,Female,99,34,$2.42,25,Jönköping
866,Koenraad,Abele,kabeleo1@umich.edu,Male,12,100,$4.80,55,Krokeaí
867,Tucky,Iacovini,tiacovinio2@eventbrite.com,Male,79,11,$2.58,75,Dingchang
868,Katina,Faichnie,kfaichnieo3@technorati.com,Female,97,9,$8.71,19,Umi
869,Carolus,Franzelini,cfranzelinio4@google.de,Male,87,92,$5.02,37,Yugang
870,Cooper,Attwood,cattwoodo5@weibo.com,Male,69,49,$2.74,78,Coratatal
871,Georgianne,Tollet,gtolleto6@nyu.edu,Agender,35,10,$9.41,64,Kladanj
872,Corie,Clutterbuck,cclutterbucko7@tmall.com,Non-binary,41,5,$2.16,57,Krivaja
873,Marion,Feitosa,mfeitosao8@ow.ly,Male,95,32,$7.92,6,Nacaome
874,Sigfried,Pettegree,spettegreeo9@unblog.fr,Male,16,34,$6.11,36,Caseros
875,Giles,Kainz,gkainzoa@over-blog.com,Male,92,15,$3.86,19,Tiarei
876,Stefania,Winfrey,swinfreyob@symantec.com,Genderqueer,96,66,$2.20,33,Patquía
877,Cele,Chaldecott,cchaldecottoc@europa.eu,Female,67,87,$7.11,7,Sidorejo
878,Earvin,Dodds,edoddsod@wiley.com,Male,56,92,$3.87,46,Липково
879,Gnni,Leaton,gleatonoe@wisc.edu,Female,45,83,$3.18,81,El Paso
880,Gabriello,Bernot,gbernotof@tmall.com,Male,27,3,$3.64,99,Torre
881,Deirdre,Winchester,dwinchesterog@usa.gov,Female,18,86,$9.57,76,Puerto Cabezas
882,Gustie,Durnan,gdurnanoh@clickbank.net,Female,37,31,$2.40,23,Utajärvi
883,Dorothy,Keyhoe,dkeyhoeoi@timesonline.co.uk,Agender,5,23,$7.23,63,Wujiashan
884,Amalia,Beine,abeineoj@wikia.com,Female,30,43,$6.06,83,Curití
885,Fanya,Giovanazzi,fgiovanazziok@sbwire.com,Female,42,88,$2.05,55,Hikone
886,Dwain,Rowling,drowlingol@trellian.com,Male,1,27,$2.38,59,Santa Paz
887,Avrit,Satford,asatfordom@freewebs.com,Female,18,2,$1.95,60,Hazlov
888,Lesli,Dy,ldyon@imgur.com,Female,17,76,$4.22,92,Shuikou
889,Gabey,Schaumann,gschaumannoo@google.fr,Female,4,31,$1.76,6,Tvarožná
890,Dall,Alexsandrovich,dalexsandrovichop@sciencedaily.com,Male,63,69,$9.61,81,Pringsewu
891,Justis,Lismer,jlismeroq@cnn.com,Male,49,83,$3.03,28,Shigu
892,Florina,MacCosty,fmaccostyor@fastcompany.com,Genderqueer,99,68,$6.68,47,Jiangluo
893,Lindsey,Wride,lwrideos@digg.com,Female,90,16,$4.93,96,La Condamine
894,Sebastien,Hagerty,shagertyot@yelp.com,Male,81,63,$2.39,53,Jurh
895,Lenna,Joesbury,ljoesburyou@nbcnews.com,Female,18,69,$8.51,98,Schirmeck
896,Othelia,Merfin,omerfinov@naver.com,Female,95,42,$6.05,20,Dauphin
897,Maisie,Champneys,mchampneysow@prweb.com,Female,2,29,$3.78,10,Yelets
898,Klarrisa,Fucher,kfucherox@mit.edu,Female,15,55,$1.80,22,Erie
899,Udale,Phipard-Shears,uphipardshearsoy@time.com,Male,98,2,$7.67,52,Chiara
900,Piotr,Glasheen,pglasheenoz@washingtonpost.com,Male,79,88,$6.43,89,Malinao
901,Colver,Seneschal,cseneschalp0@arizona.edu,Male,19,98,$1.79,46,Sahagún
902,Nicolas,Dunford,ndunfordp1@virginia.edu,Male,73,30,$6.66,27,Bulusari
903,Marjorie,Reford,mrefordp2@last.fm,Female,85,86,$3.88,18,Molchanovo
904,Marlin,Shallo,mshallop3@un.org,Male,68,89,$5.60,82,Libertad
905,Mikol,Knevett,mknevettp4@symantec.com,Male,26,65,$4.28,55,Nouaseur
906,Tadeo,Fendlow,tfendlowp5@home.pl,Male,46,52,$1.31,3,Birmingham
907,Nanci,Aleksandrikin,naleksandrikinp6@blogs.com,Female,59,21,$1.97,43,Bác Ái
908,Alisa,Foulds,afouldsp7@trellian.com,Female,1,28,$5.29,51,Dubrovka
909,Jae,Thistleton,jthistletonp8@intel.com,Male,7,70,$4.32,36,Goussainville
910,Guendolen,Kibbye,gkibbyep9@uol.com.br,Female,52,86,$0.42,73,Paris 10
911,Ruggiero,Colbert,rcolbertpa@1und1.de,Genderqueer,73,26,$5.65,32,Kommunisticheskiy
912,Davon,Mintrim,dmintrimpb@umn.edu,Male,66,23,$2.22,32,Montijo
913,Marice,Outright,moutrightpc@quantcast.com,Female,86,41,$0.92,16,Ţammūn
914,Lacie,Lundbeck,llundbeckpd@reference.com,Female,61,66,$1.27,85,Wahawaha
915,Ezequiel,de Vaen,edevaenpe@last.fm,Male,96,29,$7.63,9,Arvayheer
916,Agna,Eustanch,aeustanchpf@cbslocal.com,Female,57,19,$4.72,27,Kemisē
917,Mechelle,Croney,mcroneypg@g.co,Female,29,88,$3.40,19,Sanqu
918,Tobye,Penke,tpenkeph@wordpress.org,Female,35,87,$3.98,5,Roanoke
919,Giraldo,Abramchik,gabramchikpi@patch.com,Male,85,60,$8.00,32,Fengyuan
920,Leroi,Jordison,ljordisonpj@hp.com,Male,25,93,$7.19,25,Xiaojiezi
921,Lynne,Colbert,lcolbertpk@feedburner.com,Female,76,82,$5.46,59,Zarszyn
922,Stanfield,Lincke,slinckepl@webs.com,Male,89,2,$6.16,85,Jishui
923,Chanda,Klarzynski,cklarzynskipm@tinyurl.com,Female,63,24,$9.52,35,Mizhuang
924,Elliott,Kuller,ekullerpn@addtoany.com,Male,11,12,$6.28,24,Pirapozinho
925,Helenka,Boldra,hboldrapo@biglobe.ne.jp,Female,89,36,$9.13,28,Brooklyn
926,Adler,Abramovitz,aabramovitzpp@microsoft.com,Male,50,27,$1.14,19,Kaiyuan
927,Royce,Broker,rbrokerpq@guardian.co.uk,Male,33,35,$1.39,98,Mboto
928,Ber,Hartshorne,bhartshornepr@cdbaby.com,Male,68,53,$5.58,85,Keputran
929,Silvan,Buchan,sbuchanps@usgs.gov,Male,64,14,$6.88,15,Vera
930,Robbyn,McLeoid,rmcleoidpt@cisco.com,Non-binary,45,69,$1.81,91,Longos
931,Nora,Pirt,npirtpu@sitemeter.com,Polygender,2,14,$6.83,10,Yitulihe
932,Noby,Campbell-Dunlop,ncampbelldunloppv@bizjournals.com,Male,28,22,$6.70,12,Gayamsari
933,Ceil,Bradley,cbradleypw@huffingtonpost.com,Female,32,78,$3.52,93,Gaotai
934,Grover,Asson,gassonpx@ezinearticles.com,Male,56,88,$2.01,63,Gaocang
935,Ella,Fierro,efierropy@w3.org,Female,73,20,$9.46,47,Pinellas Park
936,Jesus,Curragh,jcurraghpz@arstechnica.com,Genderfluid,5,15,$7.58,81,Nová Cerekev
937,Rudd,Londing,rlondingq0@about.me,Male,18,34,$1.93,81,Novotroitsk
938,Paulita,Barkes,pbarkesq1@wordpress.com,Female,17,65,$0.63,4,Long Layu
939,Gus,Clemitt,gclemittq2@time.com,Male,77,33,$0.15,43,Bowang
940,Laurie,Vidyapin,lvidyapinq3@hud.gov,Female,33,48,$4.69,97,Hanggan
941,Johnny,D'eye,jdeyeq4@ebay.com,Male,46,62,$9.70,1,Anguil
942,Dominique,Kittiman,dkittimanq5@behance.net,Male,66,60,$4.54,68,Panglanjan
943,Charil,Spilsbury,cspilsburyq6@istockphoto.com,Female,90,18,$1.25,20,Fanhu
944,Otes,Bielfeldt,obielfeldtq7@soundcloud.com,Male,20,95,$5.98,63,Aguas Verdes
945,De,Cheek,dcheekq8@jimdo.com,Female,71,9,$6.56,85,Ta`ū
946,Gawen,Fowkes,gfowkesq9@e-recht24.de,Male,9,40,$6.20,57,Golcowa
947,Violante,Taleworth,vtaleworthqa@jiathis.com,Genderqueer,94,70,$3.29,90,Jinjiahe
948,Rolando,Theuss,rtheussqb@altervista.org,Male,63,91,$5.61,51,Lospalos
949,Gerald,Wordsley,gwordsleyqc@boston.com,Male,25,70,$3.18,71,Yanshang
950,Marysa,Decourt,mdecourtqd@example.com,Non-binary,100,63,$8.86,10,Xin’andu
951,Woody,Skittreal,wskittrealqe@wired.com,Male,81,89,$2.78,76,Danglang Hudong
952,Lemmy,Saben,lsabenqf@typepad.com,Male,32,57,$8.80,56,Garoua Boulaï
953,Jana,Grenshiels,jgrenshielsqg@loc.gov,Female,86,78,$3.49,78,Sindangkopo
954,Lottie,Willbond,lwillbondqh@cornell.edu,Female,71,99,$1.75,66,Przemków
955,Randa,Redmire,rredmireqi@timesonline.co.uk,Female,65,28,$6.42,59,Skalánion
956,Kennie,Bustin,kbustinqj@issuu.com,Male,85,36,$8.07,19,Hengyang
957,Bryana,Waylett,bwaylettqk@g.co,Female,15,97,$2.45,94,Baldone
958,Sergent,Benezet,sbenezetql@dyndns.org,Male,84,1,$3.18,43,Pittsburgh
959,Gracie,Tailour,gtailourqm@wikia.com,Female,49,2,$2.24,21,Žitenice
960,Lorne,Tunnick,ltunnickqn@weebly.com,Female,21,97,$5.49,51,Qarah Bāgh
961,Albert,Palin,apalinqo@hostgator.com,Male,8,34,$1.91,91,Lamphun
962,Falkner,McGilbon,fmcgilbonqp@amazon.de,Male,83,20,$4.94,22,Yushan
963,Erika,Henstone,ehenstoneqq@google.nl,Female,8,67,$3.86,33,Gazli
964,Emiline,Issac,eissacqr@cbslocal.com,Female,78,10,$5.85,17,Balabagan
965,Patty,Paolozzi,ppaolozziqs@moonfruit.com,Male,44,81,$6.52,57,Batumi
966,Niels,Dooley,ndooleyqt@uol.com.br,Male,11,70,$9.48,93,Wadung
967,Lancelot,McAvey,lmcaveyqu@redcross.org,Male,67,15,$9.70,92,Medeiros Neto
968,Trace,Upstell,tupstellqv@spotify.com,Male,20,58,$4.72,38,Tha Mai
969,Isa,Fehner,ifehnerqw@opera.com,Female,39,92,$7.34,19,Dakhla
970,Valentine,Ellesworth,vellesworthqx@posterous.com,Male,42,22,$2.63,24,Shilong
971,Danice,Crosen,dcrosenqy@walmart.com,Female,3,78,$1.06,87,Sankoutang
972,Colin,Pettifor,cpettiforqz@plala.or.jp,Genderfluid,39,67,$4.98,30,Perpignan
973,Janna,Kaspar,jkasparr0@reference.com,Female,72,11,$3.83,100,Chunyang
974,Pepillo,Muffin,pmuffinr1@dion.ne.jp,Male,96,59,$5.28,60,Kamennyye Potoki
975,Percival,Growcock,pgrowcockr2@google.co.uk,Male,95,84,$9.56,50,Wates
976,Rafaelita,Farfoot,rfarfootr3@soup.io,Female,93,40,$4.98,65,Yuewan
977,Pate,Gleader,pgleaderr4@gizmodo.com,Male,18,2,$3.52,68,Hienghène
978,Tadeas,Orgel,torgelr5@hud.gov,Male,61,58,$1.85,87,Würzburg
979,Haskell,Ottam,hottamr6@wired.com,Male,10,56,$0.67,98,Mboto
980,Dianne,Byers,dbyersr7@deliciousdays.com,Agender,87,5,$1.90,52,Mateur
981,Darbee,Pillington,dpillingtonr8@latimes.com,Genderqueer,18,72,$9.52,71,Świlcza
982,Callean,Manson,cmansonr9@admin.ch,Male,65,2,$0.67,32,Lleida
983,Katharina,Addison,kaddisonra@mozilla.com,Female,99,86,$8.50,82,Ḥurfeish
984,Loydie,Boas,lboasrb@bandcamp.com,Male,21,59,$8.97,99,Dębno
985,Terrance,Le Noir,tlenoirrc@usda.gov,Polygender,79,43,$5.72,65,Yaguachi Nuevo
986,Margalit,Vail,mvailrd@behance.net,Female,8,64,$5.97,10,Baiyang
987,Dannie,Bahlmann,dbahlmannre@studiopress.com,Male,17,91,$0.98,58,Shnogh
988,Augustine,Crossfeld,acrossfeldrf@state.gov,Male,12,4,$2.48,79,Māymay
989,Buck,Godsmark,bgodsmarkrg@arstechnica.com,Male,65,66,$2.38,35,Desamparados
990,Ellerey,Lay,elayrh@about.com,Male,58,22,$7.78,64,Fontainhas
991,Kassandra,Sutliff,ksutliffri@oaic.gov.au,Female,8,13,$7.55,43,Jiangshan
992,Shoshanna,Cawthera,scawtherarj@blog.com,Female,2,11,$9.41,87,Cirangkong
993,Rickert,Steinhammer,rsteinhammerrk@umich.edu,Male,88,62,$7.81,72,Châtillon
994,Wiatt,McElhinney,wmcelhinneyrl@blogger.com,Agender,69,4,$4.68,83,Were Īlu
995,Aldon,Antonoyev,aantonoyevrm@irs.gov,Male,6,10,$8.16,12,Qijing
996,Freeman,Dunphie,fdunphiern@google.ru,Male,92,41,$9.70,29,Castelo de Vide
997,Patty,Pacheco,ppachecoro@cornell.edu,Female,91,81,$6.70,93,Mulhouse
998,Cyrillus,McConaghy,cmcconaghyrp@gov.uk,Male,52,92,$8.70,35,Norrköping
999,Joycelin,Sitwell,jsitwellrq@mac.com,Female,92,36,$7.97,22,Punkaharju
1000,Guillermo,Houdhury,ghoudhuryrr@army.mil,Male,78,81,$3.82,41,Fuxing
